,id,url,access_date,section_timestamp_start,section_timestamp_end,label,speaker,transcript,multimodal_annotation_01,multimodal_annotation_02,multimodal_annotation_03,full_agreement,audio_annotation_01,audio_annotation_02,video_annotation_01,video_annotation_02,text_annotation_01,text_annotation_02
0,1,https://www.youtube.com/watch?v=BARp4QYGg38,08.08.2025,00:02:54,00:03:00,sarc,male, Das hat nicht geklappt. Ist aber auch schon zwei Monate her. Also nach Söder-Zeitrechnung sieben Meinungswechsel.,sarc,sarc,sarc,True,sarc,sarc,non-sarc,non-sarc,sarc,sarc
1,2,https://www.youtube.com/watch?v=BARp4QYGg38,08.08.2025,00:03:00,00:03:14,sarc,male," Söder hat aktuell ein bisschen Zoff mit dem CDU-Mann Daniel Günther. Günther sagte, Söder solle nicht die ganze Zeit von Schwarz-Grün reden. Söder hat seriös und ohne persönlich zu werden geantwortet.",sarc,sarc,sarc,True,sarc,non-sarc,sarc,sarc,sarc,sarc
2,3,https://www.youtube.com/watch?v=IgT7YJdNFnk,08.08.2025,00:02:14,00:02:19,non-sarc,male," Leider machen diese Vapes nicht nur Erwachsene süchtig, sondern auch Kinder und Jugendliche.",sarc,non-sarc,non-sarc,False,non-sarc,non-sarc,sarc,non-sarc,non-sarc,non-sarc
3,4,https://www.youtube.com/watch?v=y2kk8W4RNd8,08.08.2025,00:00:55.5,00:01:07,non-sarc,male," Das Problem all dieser Sendungen, man hechelt durch die Themen, es kommen die üblichen Antwortstanzen und dann zieht der Zirkus weiter ins nächste Studio. Überraschungen keine, Erkenntnisgewinn wenig.",sarc,non-sarc,non-sarc,False,sarc,non-sarc,non-sarc,sarc,non-sarc,sarc
4,5,https://www.youtube.com/watch?v=y2kk8W4RNd8,08.08.2025,00:01:53,00:01:57.2,sarc,male, Genau so und nur so gewinnt man die Herzen der Menschen.,sarc,sarc,sarc,True,non-sarc,sarc,sarc,sarc,sarc,non-sarc
5,6,https://www.youtube.com/watch?v=y2kk8W4RNd8,08.08.2025,00:03:51,00:04:00.8,non-sarc,male, Das Sonntagsduell war leider insgesamt kein Ruhmesblatt. 30 Minuten von 90 nur über Migration und Brandmauer. 30 Minuten.,non-sarc,non-sarc,non-sarc,True,non-sarc,non-sarc,sarc,non-sarc,sarc,non-sarc
6,7,https://www.youtube.com/watch?v=y2kk8W4RNd8,08.08.2025,00:04:01,00:04:10,sarc,male," Ja, wichtiges Thema, aber es gibt doch auch noch andere. Oder glaubt irgendwer ernsthaft, alle Probleme werden hier gelöst, wenn nur die Grenze erst dicht ist? Bitte?",sarc,sarc,sarc,True,non-sarc,sarc,sarc,non-sarc,non-sarc,sarc
7,8,https://www.youtube.com/watch?v=y2kk8W4RNd8,08.08.2025,00:19:48,00:19:57,non-sarc,male," Ewige Chemikalien, man findet sie überall, im Regen, in menschlichem Blut, selbst in der Arktis wurde PFAS jetzt schon nachgewiesen, in der Arktis.",sarc,non-sarc,non-sarc,False,non-sarc,non-sarc,sarc,sarc,non-sarc,non-sarc
8,9,https://www.youtube.com/watch?v=0dpmEK2rce0,08.08.2025,00:01:58,00:02:21,sarc,male," Beim ersten Duell zwischen Scholz und Merz diese Woche fand ich eines ganz interessant. Nämlich die Gesprächstaktik von Olaf Scholz. Nachdem man ihm in der Ampel 3 Jahre lang Führungsschwäche vorgehoffen hatte, musste er jetzt wirklich mal, er musste es deutlich herauskehren, was er, Scholz, alles Tolles gemacht hat. Und zwar er ganz alleine.",sarc,sarc,sarc,True,sarc,sarc,sarc,sarc,sarc,sarc
9,10,https://www.youtube.com/watch?v=T0s7hGasxDg,08.08.2025,00:00:00,00:00:06,sarc,male," Gleich mal eine persönliche Frage. Hatten Sie eine schöne Woche, meine Damen und Herren? Oder haben Sie Aktien?",sarc,sarc,sarc,True,sarc,sarc,non-sarc,sarc,sarc,non-sarc
10,11,https://www.youtube.com/watch?v=T0s7hGasxDg,08.08.2025,00:00:06,00:00:11.15,non-sarc,male," Ach ja, die Nachrichtenlage macht echt gar keinen Spaß mehr in diesen Tagen.",sarc,non-sarc,non-sarc,False,non-sarc,sarc,sarc,sarc,non-sarc,non-sarc
11,12,https://www.youtube.com/watch?v=T0s7hGasxDg,08.08.2025,00:02:33,00:02:44,sarc,male," So, die Unionsbasis ist derweil immer noch irgendwie sauer auf Friedrich Merz. Auch weil er sich angeblich zu sehr von der SPD über den Tisch hat ziehen lassen.",sarc,sarc,non-sarc,False,non-sarc,non-sarc,sarc,sarc,non-sarc,non-sarc
12,13,https://www.youtube.com/watch?v=T0s7hGasxDg,08.08.2025,00:06:32.2,00:06:44,sarc,male," Erschreckend wenig zum ganzen Themenkomplex Klimawandel. Sehr wenig, aber gut, eilt ja auch nicht. Ich sag mal, im Bodensee sind ja fast noch drei Liter Wasser drin, wie man hört.",sarc,sarc,sarc,True,sarc,sarc,sarc,sarc,sarc,sarc
13,14,https://www.youtube.com/watch?v=T0s7hGasxDg,08.08.2025,00:07:36,00:07:54,sarc,male," Eine große Migrationswende soll nun die Handschrift der Union in der neuen Regierung sein. Wie schön, jedenfalls für die AfD. So werden bei einem hochkomplexen, wohlgemerkt europäischen Thema weiter kaum erfüllbare Erwartungen geweckt und die AfD-Umfragewerte bleiben wohl super.",sarc,non-sarc,sarc,False,non-sarc,sarc,sarc,sarc,non-sarc,sarc
14,15,https://www.youtube.com/watch?v=T0s7hGasxDg,08.08.2025,00:12:45,00:12:52,sarc,male," Ich sag mal so, wenn der Wehrdienst das beste Jahr deines bisherigen Lebens war, dann war dein bisheriges Leben relativ scheiße.",sarc,sarc,sarc,True,sarc,sarc,sarc,sarc,sarc,sarc
15,16,https://www.youtube.com/watch?v=T0s7hGasxDg,08.08.2025,00:14:06,00:14:20,non-sarc,male," So, noch in diesem Jahr sollen Voraussetzungen für Wehrerfassung und Wehrüberwachung geschaffen werden. Das heißt, wir müssen hier erstmal rauskriegen, wen wir überhaupt noch im Bestand haben. An wehrfähigen Reservisten zum Beispiel.",non-sarc,sarc,non-sarc,False,sarc,non-sarc,non-sarc,sarc,sarc,non-sarc
16,17,https://www.youtube.com/watch?v=T0s7hGasxDg,08.08.2025,00:16:25,00:16:38.3,sarc,male," Trotz Sondervermögen ist die Beschaffung bei der Bundeswehr immer noch sehr langwierig und viel zu bürokratisch. Auch da braucht es erstmal dringend Reformen. Von den Basics mal ganz zu schweigen, Freunde. Ich sage nur Munition.",sarc,sarc,non-sarc,False,non-sarc,sarc,sarc,sarc,non-sarc,non-sarc
17,18,https://www.youtube.com/watch?v=T0s7hGasxDg,08.08.2025,00:23:12,00:23:24,sarc,male," Und was macht Trump? Kurz nach seinem Liberation Day veranstaltet er ein Dinner in Ma-a-Lago, wo man für seine Gesellschaft teuer bezahlen muss. Keine Ahnung, wer so blöd ist.",sarc,sarc,sarc,True,non-sarc,non-sarc,sarc,sarc,non-sarc,sarc
18,19,https://www.youtube.com/watch?v=T0s7hGasxDg,08.08.2025,00:24:40,00:24:50,sarc,male," Amerikanische Journalisten haben gerade ausgerechnet, dass Trump jetzt schon ein Drittel seiner neuen Amtszeit auf dem Golfplatz verbracht hat. Wegen mir darf das gerne mehr werden, absolut.",sarc,sarc,sarc,True,sarc,sarc,sarc,sarc,sarc,sarc
19,20,https://www.youtube.com/watch?v=T0s7hGasxDg,08.08.2025,00:25:20,00:25:25,sarc,male," Naja, ich sag mal für Trumps Kabinett wäre so ein Sack Backsteine wahrscheinlich überqualifiziert.",sarc,sarc,sarc,True,sarc,non-sarc,sarc,sarc,sarc,sarc
20,21,https://www.youtube.com/watch?v=IGTgC3-sDpc,08.08.2025,00:01:18.5,00:01:34.5,sarc,female," Und Schuld an unserem kollektiven Gefühl ist natürlich Donald Trump und seine bescheuerten Zolle. Ich glaube, die hat er ausgewürfelt. Wahrscheinlich mit demselben Würfel, mit dem Elon Musk die Namen für seine Kinder ausgewürfelt hat.",sarc,sarc,sarc,True,sarc,sarc,sarc,sarc,sarc,sarc
21,22,https://www.youtube.com/watch?v=IGTgC3-sDpc,08.08.2025,00:07:17.5,00:07:26,sarc,female," So, außerdem, Leute, sind wir auch hier im Tech-Business, sind wir ganz weit vorne, ja, weil, Leute, seit dieser Woche gibt's einen neuen Thermomix.",sarc,sarc,sarc,True,sarc,sarc,sarc,sarc,sarc,sarc
22,23,https://www.youtube.com/watch?v=UFLhh51yQCc,08.08.2025,00:04:33.2,00:04:47.1,sarc,female," Wenn deutsche Behörden seltener zur Verfügung stehen als die Eismaschine bei McDonalds, dann sollte man sich vielleicht langsam anfangen, Sorgen zu machen. Denn die sind ja jetzt schon überlastet. Und dann gehen noch 40% der Verwaltungsangestellten in Rente. Was passiert denn dann?",sarc,non-sarc,sarc,False,non-sarc,sarc,sarc,non-sarc,sarc,sarc
23,24,https://www.youtube.com/watch?v=UFLhh51yQCc,08.08.2025,00:07:03.3,00:07:14.8,non-sarc,female," Na also, Bürokratie kann auch nützlich sein und viele der tausend Vorschriften merken wir gar nicht. Aber gäbe es sie nicht, dann wäre das schlecht für die Umwelt oder die Sicherheit und zwar für unsere.",non-sarc,non-sarc,non-sarc,True,non-sarc,sarc,non-sarc,sarc,non-sarc,sarc
24,25,https://www.youtube.com/watch?v=UFLhh51yQCc,08.08.2025,00:07:14.6,00:07:22,sarc,female," Ich zeige Ihnen das mal an einem Beispiel, das in Deutschland noch mehr Raum einnimmt als die Bürokratie. Dem Auto.",sarc,sarc,sarc,True,sarc,sarc,sarc,sarc,sarc,sarc
25,26,https://www.youtube.com/watch?v=UFLhh51yQCc,08.08.2025,00:11:04.3,00:11:19.8,sarc,female," 27 Prozent. Das ist sogar noch optimistisch gerechnet. Denn Bund und Länder werten eine Dienstleistung schon als online verfügbar, wenn sie von nur einer Kommune angeboten wird. Mit der Logik ist RWE klimaneutral, nur weil sie in Brunsbütteln ein Windrad aufgestellt haben.",sarc,sarc,sarc,True,sarc,sarc,sarc,sarc,sarc,sarc
26,27,https://www.youtube.com/watch?v=UFLhh51yQCc,08.08.2025,00:11:20,00:11:32,sarc,female," Wieso ist es denn so schwierig, Verwaltungen zu digitalisieren? Eine Erklärung liefert diese anschauliche Grafik. Und? Verwirrt? Ich auch.",sarc,sarc,sarc,True,sarc,sarc,sarc,sarc,sarc,sarc
27,28,https://www.youtube.com/watch?v=UFLhh51yQCc,08.08.2025,00:12:21.9,00:12:30.9,sarc,female," Also, man kann natürlich auch heute schon zum Beispiel einen Antrag auf BAföG digital abschicken. Aber das heißt noch lange nicht, dass er auch digital bearbeitet wird.",sarc,sarc,non-sarc,False,non-sarc,non-sarc,sarc,sarc,sarc,non-sarc
28,29,https://www.youtube.com/watch?v=UFLhh51yQCc,08.08.2025,00:13:24.9,00:13:33,non-sarc,female," Ein Register ist quasi eine Datenbank. Darin werden ihre Angaben gespeichert. Das Problem ist aber, dass diese Datenbanken bisher nicht vernetzt sind.",non-sarc,non-sarc,non-sarc,True,non-sarc,non-sarc,non-sarc,non-sarc,non-sarc,non-sarc
29,30,https://www.youtube.com/watch?v=UFLhh51yQCc,08.08.2025,00:14:33.8,00:14:46.2,sarc,female," Was hier klingt wie ein futuristisches Szenario aus dem Jahr 2314 in einem anderen Sternensystem, bedeutet einfach, man muss seine Infos nicht doppelt und dreifach angeben, weil sie sowieso schon vorliegen.",sarc,sarc,sarc,True,sarc,sarc,non-sarc,sarc,sarc,sarc
30,31,https://www.youtube.com/watch?v=UFLhh51yQCc,08.08.2025,00:15:52.9,00:15:57.95,sarc,female," Ja, so läuft das in Estland. Da fällt Eltern in Deutschland ja vor Neid glatt der Leitzordner auf den Wickeltisch.",sarc,sarc,sarc,True,sarc,sarc,non-sarc,sarc,sarc,sarc
31,32,https://www.youtube.com/watch?v=UFLhh51yQCc,08.08.2025,00:17:05,00:17:11,non-sarc,female," Also, gerade kleine und mittelständische Unternehmen leiden wohl besonders unter der Bürokratie.",non-sarc,non-sarc,non-sarc,True,non-sarc,non-sarc,non-sarc,non-sarc,non-sarc,non-sarc
32,33,https://www.youtube.com/watch?v=UFLhh51yQCc,08.08.2025,00:22:53,00:23:08,non-sarc,female," Leider kann man aber diese Normen nicht einfach ignorieren, obwohl es keine Gesetze sind. Der Grund ist nämlich, Gerichte nehmen Normen immer wieder als Grundlage für Entscheidungen. Und damit werden sie verbindlich, auch wenn sie eigentlich nur Empfehlungen sind.",non-sarc,non-sarc,non-sarc,True,non-sarc,non-sarc,sarc,sarc,non-sarc,non-sarc
33,34,https://www.youtube.com/watch?v=UFLhh51yQCc,08.08.2025,00:25:30,00:25:42,non-sarc,female," Ist jetzt vielleicht auf Anhieb nicht so schnell zu erkennen, es sind 83 Prozent Wirtschaft in einem Ausschuss. Und wenn ich das richtig überblicke, sind das deutlich mehr als 50 Prozent.",non-sarc,non-sarc,sarc,False,sarc,sarc,sarc,sarc,sarc,sarc
34,35,https://www.youtube.com/watch?v=UFLhh51yQCc,08.08.2025,00:26:01,00:26:07.7,sarc,female," Könnte es sein, dass in manchen Ausschüssen bestimmte interessierte Kreise so stark vertreten sind, dass sie sogar Normen diktieren?",non-sarc,sarc,sarc,False,non-sarc,sarc,non-sarc,non-sarc,non-sarc,non-sarc
35,36,https://www.youtube.com/watch?v=UFLhh51yQCc,08.08.2025,00:26:41.2,00:26:50.2,sarc,female," Ausgewogene Verteilung bedeutet nicht gleichmäßige Verteilung. Aha, das sagt wohl auch der große Bruder zum Kleinen, wenn er seine Gummibärchen klaut.",sarc,non-sarc,sarc,False,sarc,sarc,sarc,sarc,sarc,sarc
36,37,https://www.youtube.com/watch?v=UFLhh51yQCc,08.08.2025,00:26:57,00:27:04.5,sarc,female, In der Regel. Was heißt denn das? Immer? Manchmal? Nur wenn die Sonne in Konjunktion mit Jupiter steht?,sarc,sarc,sarc,True,sarc,sarc,sarc,sarc,sarc,sarc
37,38,https://www.youtube.com/watch?v=Ka0iG4azzz8,08.08.2025,00:00:50,00:01:16,sarc,female," Neues Jahr hat angefangen. Haben Sie schon gute Vorsätze für 2025? Sowas wie die Welt retten, zum Mars fliegen, die Menschheit zu einer multiplanetaren Spezies machen? Nee? Wieder nur mehr Sport treiben, weniger Alkohol trinken, endlich aus der FDP austreten? Tja, dann sind Sie wohl eher so ein Low-Performer und kein außergewöhnlicher Leistungsträger wie die Person, über die wir heute reden müssen. Elon Musk.",sarc,sarc,sarc,True,sarc,sarc,sarc,sarc,sarc,sarc
38,39,https://www.youtube.com/watch?v=Ka0iG4azzz8,08.08.2025,00:02:30.8,00:02:41.05,sarc,female," Es geht heute schließlich nicht um den berühmten Raumfahrtpionier, der eine problematische Vergangenheit im Faschismus hat. Nein, es geht heute um den berühmten Raumfahrtpionier, der eine problematische Zukunft im Faschismus hat.",sarc,sarc,sarc,True,sarc,sarc,non-sarc,non-sarc,sarc,non-sarc
39,40,https://www.youtube.com/watch?v=Ka0iG4azzz8,08.08.2025,00:04:21.8,00:04:31.5,non-sarc,female," Na ja, also Elon Musk ist in erster Linie mal ein sehr reicher Typ. Je nach Stand der Aktienkurse seiner diversen Firmen ist er sogar der reichste Typ auf Erden.",non-sarc,non-sarc,non-sarc,True,sarc,sarc,non-sarc,sarc,non-sarc,non-sarc
40,41,https://www.youtube.com/watch?v=Ka0iG4azzz8,08.08.2025,00:07:16.2,00:07:22,sarc,female," Also sagen wir mal so, da wird sich der Markus noch ein wenig gedulden müssen, bevor er Gesellschaft auf dem Mars bekommt, ne?",sarc,sarc,sarc,True,sarc,sarc,non-sarc,non-sarc,sarc,sarc
41,42,https://www.youtube.com/watch?v=Ka0iG4azzz8,08.08.2025,00:12:27.5,00:12:37.55,sarc,female," Gut, ich geb's zu, in einem Punkt entspricht unser Comic natürlich nicht der Wahrheit. Musk hat zu dem Mann nicht, du blöder Taucher, gesagt. Er hat ihn als pädophil bezeichnet.",sarc,sarc,sarc,True,sarc,sarc,sarc,sarc,non-sarc,sarc
42,43,https://www.youtube.com/watch?v=Ka0iG4azzz8,08.08.2025,00:12:40.2,00:12:48,sarc,female," Spätestens zu diesem Zeitpunkt hätte man ahnen können, dass wir es hier mit einem Wannabe-Superhelden zu tun haben, der gehörig einen an der Marmel hat.",sarc,sarc,sarc,True,sarc,sarc,sarc,sarc,sarc,sarc
43,44,https://www.youtube.com/watch?v=Ka0iG4azzz8,08.08.2025,00:19:42.7,00:19:51,sarc,female, Aber vielleicht ist der kleine Elon noch mal aus dem Fenster geklettert und hat heimlich seine neofaschistische Freundin getroffen. Wir wissen es nicht.,sarc,sarc,sarc,True,sarc,sarc,sarc,sarc,sarc,non-sarc
44,45,https://www.youtube.com/watch?v=Ka0iG4azzz8,08.08.2025,00:28:08.6,00:28:14,non-sarc,female," Wenig verwunderlich, dass Musk überhaupt kein Problem mit der deutschen extremen Rechten hat.",non-sarc,non-sarc,non-sarc,True,sarc,sarc,sarc,sarc,non-sarc,non-sarc
45,46,https://www.youtube.com/watch?v=A-TA47si6aQ,08.08.2025,00:01:34.7,00:01:49.2,non-sarc,female," Verstehe. Sie nennen sich Auskunfttheien. Klingt erstmal unspektakulär, denn Auskunfttheien sind im Prinzip eine gute Sache. Sie schützen nämlich uns davor, nicht zu viel Geld auszugeben und Unternehmen keine Geschäfte mit Leuten zu machen, die nicht zahlen können.",non-sarc,non-sarc,non-sarc,True,non-sarc,non-sarc,non-sarc,non-sarc,non-sarc,non-sarc
46,47,https://www.youtube.com/watch?v=A-TA47si6aQ,08.08.2025,00:02:06,00:02:17,non-sarc,female," Es gibt eine ganze Reihe von Auskunftsteilen in Deutschland, zum Beispiel Griff, Boniversum oder Infoscore. Aber die bekannteste und größte dieser privaten Auskunftsfirmen ist die Schufa.",non-sarc,non-sarc,non-sarc,True,non-sarc,non-sarc,sarc,non-sarc,non-sarc,non-sarc
47,48,https://www.youtube.com/watch?v=A-TA47si6aQ,08.08.2025,00:02:37.4,00:02:49.4,non-sarc,female," Die Schufa kennt man vielleicht als dieses Schreckensgespenst, bei dem man Einträge bekommt, wenn man zum Beispiel vergessen hat, seine Rechnung rechtzeitig zu bezahlen. Also so richtig beliebt hat sich die Schufa in der Vergangenheit nicht gemacht.",non-sarc,non-sarc,non-sarc,True,non-sarc,non-sarc,sarc,sarc,sarc,non-sarc
48,49,https://www.youtube.com/watch?v=A-TA47si6aQ,08.08.2025,00:09:17.4,00:09:27.6,sarc,female," Genau, das haben Kreditgeber in der Regel nicht, denn das sind zum Beispiel Banker, kommt im weitesten Sinne auch aus dem Lateinischen und hat was mit zurückgegelten Haaren und protzigen Glastürmen zu tun.",sarc,sarc,sarc,True,sarc,sarc,non-sarc,sarc,sarc,sarc
49,50,https://www.youtube.com/watch?v=A-TA47si6aQ,08.08.2025,00:26:24.4,00:26:32.9,non-sarc,female," Bevor das Gesetz endgültig beschlossen wird, dürfen jetzt erstmal alle Fraktionen im Bundestag draufschauen und Änderungsvorschläge einbringen.",non-sarc,non-sarc,non-sarc,True,non-sarc,non-sarc,non-sarc,non-sarc,non-sarc,non-sarc
50,51,https://www.youtube.com/watch?v=OH0_zrXN-4Q,08.08.2025,00:02:32.7,00:02:42,sarc,male," Im Übrigen, wissen Sie, gilt die alte Regel, wenn die FDP eine politische Entscheidung richtig scheiße findet, war sie sehr wahrscheinlich gut.",sarc,sarc,sarc,True,sarc,sarc,sarc,sarc,sarc,non-sarc
51,52,https://www.youtube.com/watch?v=OH0_zrXN-4Q,08.08.2025,00:06:08,00:06:23,sarc,male," Denn kaputte Brücken und Straßen sind nun mal Deutschlands größter Standortnachteil. Für eine funktionierende Bahn und mehr Sicherheit wären aber auch Zumutungen für uns Bürger in dieser Lage okay, wenn sie mal gerecht verteilt würden.",sarc,sarc,non-sarc,False,non-sarc,non-sarc,sarc,sarc,non-sarc,sarc
52,53,https://www.youtube.com/watch?v=OH0_zrXN-4Q,08.08.2025,00:09:37.8,00:09:46,non-sarc,male, Ohne die Amis haben wir fast keine Luftaufklärung und auch keine flächendeckende Luftabwehr. Die Bundeswehr hat nicht mal genug Munition.,sarc,non-sarc,non-sarc,False,non-sarc,non-sarc,sarc,sarc,non-sarc,sarc
53,54,https://www.youtube.com/watch?v=OH0_zrXN-4Q,08.08.2025,00:19:51,00:20:02,non-sarc,male," Bei den Vereinten Nationen haben die USA gerade gegen eine Resolution gestimmt, die Russland als Aggressor nennt. Und zwar zusammen mit Putin, Belarus und Nordkorea.",sarc,non-sarc,non-sarc,False,sarc,non-sarc,sarc,sarc,sarc,non-sarc
54,55,https://www.youtube.com/watch?v=OH0_zrXN-4Q,08.08.2025,00:31:28.9,00:31:36.3,sarc,male," Fazit, zum Ende des Karnevals zeigt Markus Söder uns nochmal sein schönstes Kostüm, den loyalen Merz-Unterstützer.",sarc,sarc,sarc,True,sarc,sarc,sarc,sarc,sarc,sarc
55,56,https://www.youtube.com/watch?v=WSJzANe-X68,08.08.2025,00:02:37.3,00:02:48.6,sarc,male," Übrigens schon seit Monaten geplant, aber ich denke mal Nummer 17 hier wird Putin endgültig in die Knie zwingen oder wie waren die ersten Reaktionen im russischen Staatsfernsehen?",sarc,sarc,sarc,True,sarc,sarc,sarc,sarc,non-sarc,sarc
56,57,https://www.youtube.com/watch?v=WSJzANe-X68,08.08.2025,00:02:57.7,00:03:06.4,sarc,male," What? Drogenabhängige Homosexuelle? Jetzt hört doch mal auf, auf dem ESC rumzuhacken! Das gibt's doch gar nicht!",sarc,sarc,sarc,True,sarc,sarc,sarc,sarc,sarc,sarc
57,58,https://www.youtube.com/watch?v=WSJzANe-X68,08.08.2025,00:03:10,00:03:22,sarc,male," Ja, kein Wunder, dass die uns nicht ernst nehmen. Europa kauft bei Putin immer noch, jeden Monat, für 1,8 Milliarden russisches Öl und Flüssiggas. Jeden Monat.",sarc,sarc,non-sarc,False,non-sarc,non-sarc,sarc,sarc,non-sarc,non-sarc
58,59,https://www.youtube.com/watch?v=WSJzANe-X68,08.08.2025,00:04:12.7,00:04:20,sarc,male," So, das hast du von Putin. Jetzt ist der Friedrich enttäuscht. Du hast ihn traurig gemacht.",sarc,sarc,sarc,True,sarc,sarc,sarc,sarc,sarc,sarc
59,60,https://www.youtube.com/watch?v=WSJzANe-X68,08.08.2025,00:05:28,00:05:34.2,sarc,male," Das ist das, was ich meine. In Ihrem aktuellen Zustand taugt unsere Truppe eher für so eine RTL2-Doku.",sarc,sarc,sarc,True,sarc,sarc,sarc,sarc,sarc,sarc
60,61,https://www.youtube.com/watch?v=WSJzANe-X68,08.08.2025,00:06:45,00:06:50,sarc,male," Alter, das wäre doch der perfekte Slogan für die Deutsche Bahn. Pünktlichkeit oder so ein Quatsch.",sarc,sarc,sarc,True,sarc,sarc,sarc,sarc,sarc,sarc
61,62,https://www.youtube.com/watch?v=WSJzANe-X68,08.08.2025,00:06:52.4,00:06:59.3,non-sarc,male," Sicher, auch die Bundeswehr muss sich als moderner Arbeitgeber um die wenigen Nachwuchskräfte bemühen.",sarc,non-sarc,non-sarc,False,non-sarc,non-sarc,sarc,sarc,non-sarc,non-sarc
62,63,https://www.youtube.com/watch?v=WSJzANe-X68,08.08.2025,00:12:55.9,00:13:15,sarc,female," Hallo? Waffen verteidigen unsere Demokratie? So gesehen ist in Rüstung investieren sogar extrem nachhaltig. Nachhaltige Rüstungsaktien mit gutem Gewissen schweinereich werden. Gut, es sei denn, es kommt doch noch überraschend zu einem Frieden. Aber jetzt malen wir den Teufel mal nicht an die Wand.",sarc,sarc,sarc,True,sarc,sarc,sarc,sarc,sarc,sarc
63,64,https://www.youtube.com/watch?v=WSJzANe-X68,08.08.2025,00:13:16.86,00:13:23,non-sarc,male," Deutsche Waffen werden aber nicht nur zur Verteidigung Europas verkauft, sondern auch in Länder wie Saudi-Arabien.",non-sarc,non-sarc,non-sarc,True,non-sarc,non-sarc,sarc,non-sarc,non-sarc,non-sarc
64,65,https://www.youtube.com/watch?v=WSJzANe-X68,08.08.2025,00:14:01,00:14:09.6,non-sarc,male," So, meine Damen und Herren, jetzt hat der Merz also beim Thema Russland-Sanktionen schon wieder was angekündigt, was dann gar nicht gekommen ist.",non-sarc,non-sarc,non-sarc,True,sarc,sarc,non-sarc,non-sarc,sarc,non-sarc
65,66,https://www.youtube.com/watch?v=WSJzANe-X68,08.08.2025,00:18:40.6,00:18:51,sarc,male," Lars Klingenbeil, der übrigens 2021 mal das sozialdemokratische Jahrzehnt ausgerufen hat, das ging ja ziemlich schnell rum, muss ich sagen.",sarc,non-sarc,sarc,False,sarc,sarc,sarc,sarc,sarc,sarc
66,67,https://www.youtube.com/watch?v=WSJzANe-X68,08.08.2025,00:20:31.8,00:20:36,sarc,male," Das Filmchen fetzt doch, würde meine Generation sagen.",non-sarc,sarc,sarc,False,sarc,non-sarc,sarc,sarc,sarc,sarc
67,68,https://www.youtube.com/watch?v=WSJzANe-X68,08.08.2025,00:21:49.7,00:21:55.6,sarc,male," Ich kann nur für mich sprechen, aber Freizeit ist eine Unterbrechung meiner Arbeit.",sarc,sarc,sarc,True,sarc,sarc,sarc,sarc,non-sarc,non-sarc
68,69,https://www.youtube.com/watch?v=WSJzANe-X68,08.08.2025,00:21:56,00:22:06,non-sarc,male," Was ich damit sagen will, vielleicht sollte man mal unterscheiden zwischen selbstbestimmter schöpferischer Arbeit und knochenharten Jobs im Niedriglohn.",non-sarc,non-sarc,non-sarc,True,non-sarc,non-sarc,sarc,sarc,non-sarc,non-sarc
69,70,https://www.youtube.com/watch?v=WSJzANe-X68,08.08.2025,00:22:29,00:22:42.75,non-sarc,male," Fakt ist, wir haben hier im internationalen Vergleich besonders viel Teilzeit. Das betrifft 11% der Männer und rund die Hälfte der Frauen. Weil die oft zu Hause Angehörige pflegen oder Kinder betreuen, mangels Kita-Plätzen.",non-sarc,non-sarc,non-sarc,True,non-sarc,non-sarc,non-sarc,sarc,non-sarc,non-sarc
70,71,https://www.youtube.com/watch?v=WSJzANe-X68,08.08.2025,00:29:53,00:30:15,sarc,male," Oh, Nina Warken, das ist unsere neue Gesundheitsministerin, die musste gerade 800 Millionen Euro Bundesmittel vorzeitig an gesetzliche Kassen auszahlen, weil sonst die ein oder andere kollabieren könnte. Ja, wahrscheinlich schwant der armen Frau inzwischen, dass sie sich mit diesem Ministerium sowas wie die Mutter aller Arschkarten eingefangen hat.",sarc,sarc,sarc,True,sarc,non-sarc,sarc,non-sarc,sarc,sarc
71,72,https://www.youtube.com/watch?v=WSJzANe-X68,08.08.2025,00:30:54,00:30:59,sarc,male, Ich habe mir Ihre digitale Gesundheitsakte schon im Darknet besorgen können.,sarc,sarc,sarc,True,sarc,sarc,sarc,non-sarc,sarc,sarc
72,73,https://www.youtube.com/watch?v=liQDgVaIzso,08.08.2025,00:02:03,00:02:09.6,non-sarc,female, Seit der letzten Inventur sind nämlich allein 400.000 Fichten abgestorben. Eine Fläche größer als das Saarland.,non-sarc,non-sarc,non-sarc,True,non-sarc,non-sarc,non-sarc,non-sarc,non-sarc,non-sarc
73,74,https://www.youtube.com/watch?v=liQDgVaIzso,08.08.2025,00:02:39,00:02:44,sarc,female, Dem Wald geht's also schlecht 2025. Wer hat das kommen sehen?,sarc,sarc,sarc,True,sarc,sarc,sarc,sarc,sarc,sarc
74,75,https://www.youtube.com/watch?v=liQDgVaIzso,08.08.2025,00:05:38,00:05:51,sarc,female," Gut, man kann von den Forstbetrieben auch nicht verlangen, die Bäume mit einer Nagelfeile abzuraspeln. Und um das mal vorweg zu sagen, es gibt da draußen wirklich viele Förster und Waldbesitzer, die alles dafür tun, dass es dem Wald nicht schlecht geht.",sarc,sarc,non-sarc,False,sarc,non-sarc,non-sarc,non-sarc,sarc,non-sarc
75,76,https://www.youtube.com/watch?v=liQDgVaIzso,08.08.2025,00:06:51,00:07:11,sarc,female," Bis heute sind 21 Prozent der Waldflächen in Deutschland Monokulturen. Und auch wenn der ein oder andere denken mag, was könnte es Schöneres, Besseres, Erhabeneres geben als nur eine Kultur in einem Land, alles gleich? Nein, das ist nichts Gutes. Denn wenn alles gleich ist, bedeutet das Ödnis.",sarc,non-sarc,sarc,False,sarc,sarc,sarc,non-sarc,sarc,sarc
76,77,https://www.youtube.com/watch?v=liQDgVaIzso,08.08.2025,00:10:43.7,00:10:50,sarc,female," Hm. Wald scheint was mit den Besitzern zu machen. Zumindest, wenn man sehr viel hat.",sarc,sarc,sarc,True,sarc,sarc,sarc,sarc,sarc,sarc
77,78,https://www.youtube.com/watch?v=liQDgVaIzso,08.08.2025,00:14:30,00:14:52.6,sarc,female," Ja, vor allem bin ich beeindruckt, wie er es geschafft hat, so viele Ämter unter einen Hut zu bringen. Denn Georg Schirnbeck war vor allem erstmal Politiker. Von 2002 bis 2013 saß er zum Beispiel für die CDU im Bundestag. Und auch da hatte er schon wirklich ein großes Herz für die Belange des Waldes oder das Portemonnaie seiner Besitzer.",sarc,sarc,sarc,True,sarc,sarc,non-sarc,sarc,sarc,sarc
78,79,https://www.youtube.com/watch?v=liQDgVaIzso,08.08.2025,00:15:12.5,00:15:31.8,sarc,female," Also Georg Schirnbeck war in einer Person und teilweise zur gleichen Zeit Waldbesitzer, Präsident des Forstwirtschaftsrats und Bundestagsabgeordneter. Bestand da vielleicht ein Interessenkonflikt? Nein, hat uns der Forstwirtschaftsrat auf Nachfrage mitgeteilt. Interessenkonflikte sind nicht gegeben. Kann man vielleicht so oder so sehen.",sarc,sarc,sarc,True,non-sarc,sarc,sarc,non-sarc,sarc,sarc
79,80,https://www.youtube.com/watch?v=liQDgVaIzso,08.08.2025,00:15:42.3,00:15:47,sarc,female," Hm, wofür könnte man das denn so ausgeben?",sarc,sarc,sarc,True,sarc,non-sarc,non-sarc,sarc,sarc,sarc
80,81,https://www.youtube.com/watch?v=liQDgVaIzso,08.08.2025,00:16:19.85,00:16:33.5,sarc,female," Die haben da aber auch wirklich eine schöne Festveranstaltung gemacht. Sogar die Kanzlerin war da. Natürlich begrüßt vom Präsidenten des DFWR, Georg Schirnbeck. Oder war er als Bundestagsabgeordneter? Ich komme schon selbst ganz durcheinander.",sarc,sarc,sarc,True,sarc,sarc,sarc,non-sarc,sarc,non-sarc
81,82,https://www.youtube.com/watch?v=liQDgVaIzso,08.08.2025,00:18:36,00:18:44.2,non-sarc,female," Eine Gruppe in diesem Lobbyverein ist besonders mächtig. Das ist die Arbeitsgemeinschaft Deutscher Waldbesitzerverbände, kurz AGDW.",non-sarc,non-sarc,non-sarc,True,non-sarc,non-sarc,non-sarc,sarc,non-sarc,non-sarc
82,83,https://www.youtube.com/watch?v=liQDgVaIzso,08.08.2025,00:21:44.4,00:21:54.6,non-sarc,male," Also wenn Akteure wie die Landesforstanstalten öffentliche Akteure Mitglieder sind in einem privaten Lobbyverband der Waldwirtschaft, dann ist das ein massiver Rollenkonflikt.",non-sarc,non-sarc,non-sarc,True,non-sarc,non-sarc,non-sarc,non-sarc,non-sarc,non-sarc
83,84,https://www.youtube.com/watch?v=liQDgVaIzso,08.08.2025,00:24:50,00:24:58,sarc,female," Dass Beamte an politischen Schrauben drehen und mit harten Bandagen an der politischen Front kämpfen, ist auf jeden Fall eine ganz neue Berufsbeschreibung für einen Staatsdiener.",sarc,sarc,sarc,True,non-sarc,non-sarc,sarc,sarc,sarc,sarc
84,85,https://www.youtube.com/watch?v=liQDgVaIzso,08.08.2025,00:25:23,00:25:28.5,non-sarc,female," Also um es klipp und klar zu sagen, der DFWR ist eine Interessengruppe. Ende.",non-sarc,sarc,non-sarc,False,non-sarc,non-sarc,non-sarc,sarc,non-sarc,non-sarc
85,86,https://www.youtube.com/watch?v=liQDgVaIzso,08.08.2025,00:25:28.6,00:25:36,non-sarc,female," Und nach unseren Recherchen war Herr Schmidt nicht der einzige Beamte, der von den Bundesländern an den Forstwirtschaftsrat entliehen wurde.",non-sarc,non-sarc,non-sarc,True,non-sarc,non-sarc,non-sarc,non-sarc,sarc,non-sarc
86,87,https://www.youtube.com/watch?v=liQDgVaIzso,08.08.2025,00:27:54,00:27:58.3,non-sarc,female," Aber es ist ja nicht so, dass man Wirtschaft und Umweltschutz nicht vereinbaren könnte.",non-sarc,non-sarc,non-sarc,True,non-sarc,non-sarc,non-sarc,non-sarc,non-sarc,sarc
87,88,https://www.youtube.com/watch?v=eLDt7i45NI4,08.08.2025,00:01:15.7,00:01:21.1,sarc,male," Ja, der Linnemann meint wohl Steuererleichterungen für Rentner, die weiterarbeiten.",sarc,non-sarc,sarc,False,sarc,sarc,sarc,sarc,non-sarc,non-sarc
88,89,https://www.youtube.com/watch?v=eLDt7i45NI4,08.08.2025,00:02:06.6,00:02:10.7,sarc,male, Angeblich soll sogar die Mutter von Friedrich Merz eine Frau gewesen sein.,sarc,sarc,sarc,True,sarc,sarc,sarc,sarc,sarc,sarc
89,90,https://www.youtube.com/watch?v=eLDt7i45NI4,08.08.2025,00:02:15.75,00:02:24,non-sarc,male, Außenpolitisch macht dieser Kanzler vieles richtig. Er kritisiert zum Beispiel mit deutlichen Worten Israels Kriegsführung in Gaza.,sarc,non-sarc,non-sarc,False,non-sarc,non-sarc,sarc,sarc,non-sarc,non-sarc
90,91,https://www.youtube.com/watch?v=eLDt7i45NI4,08.08.2025,00:02:28,00:02:34,sarc,male," Gut, wir liefern eh nix, was weiter als 70 Kilometer fliegt, aber die Geste zählt.",sarc,sarc,sarc,True,sarc,sarc,sarc,sarc,sarc,sarc
91,92,https://www.youtube.com/watch?v=eLDt7i45NI4,08.08.2025,00:02:37.6,00:02:47.7,sarc,male, Und jetzt kommt's. Neuerdings droht er sogar Donald Trump im Zollstreit mit der gefährlichsten deutschen Geheimwaffe seit der V2. Mit Steuern.,sarc,sarc,sarc,True,sarc,non-sarc,non-sarc,sarc,sarc,sarc
92,93,https://www.youtube.com/watch?v=eLDt7i45NI4,08.08.2025,00:03:51,00:03:56,sarc,male," Ja, alle reden nur noch über die USA, nur halt nichts Gutes.",sarc,sarc,sarc,True,sarc,sarc,sarc,sarc,non-sarc,non-sarc
93,94,https://www.youtube.com/watch?v=eLDt7i45NI4,08.08.2025,00:06:02.7,00:06:08.5,non-sarc,male, Machen wir uns bitte nichts vor. Trumps Ideen bleiben die Zeitbombe der Weltwirtschaft.,non-sarc,non-sarc,non-sarc,True,non-sarc,sarc,sarc,non-sarc,non-sarc,non-sarc
94,95,https://www.youtube.com/watch?v=eLDt7i45NI4,08.08.2025,00:06:43,00:06:49,sarc,male, Donald Trumps Lieblingsmensch ist und bleibt halt Donald Trump. Das weiß inzwischen jedes Kind.,sarc,non-sarc,sarc,False,sarc,non-sarc,sarc,sarc,sarc,sarc
95,96,https://www.youtube.com/watch?v=eLDt7i45NI4,08.08.2025,00:07:48,00:07:53,sarc,male," Leute, wann ist offene Korruption eigentlich olympisch geworden?",sarc,sarc,sarc,True,sarc,sarc,sarc,non-sarc,sarc,sarc
96,97,https://www.youtube.com/watch?v=eLDt7i45NI4,08.08.2025,00:10:23,00:10:32,sarc,male," Manche denken immer noch, der Trump wird wohl nicht seine eigene Wirtschaft versenken. So doof kann er nicht sein. Doch, kann er.",sarc,sarc,sarc,True,sarc,sarc,non-sarc,sarc,sarc,sarc
97,98,https://www.youtube.com/watch?v=eLDt7i45NI4,08.08.2025,00:13:47,00:13:57,non-sarc,male, Laut der aktuellen Ausgabe der Fachzeitschrift Brain Medicine schaffen es die frechen kleinen Partikel immer erfolgreicher durch die sogenannte Blut-Hirn-Schranke.,non-sarc,non-sarc,non-sarc,True,sarc,non-sarc,non-sarc,non-sarc,non-sarc,sarc
98,99,https://www.youtube.com/watch?v=eLDt7i45NI4,08.08.2025,00:13:57,00:14:04,sarc,male," Ja, andererseits, dann hören wir halt einfach auf, Mikroplastik zu uns zu nehmen, oder? Das kann doch nicht so schwer sein.",sarc,sarc,sarc,True,sarc,sarc,sarc,non-sarc,sarc,sarc
99,100,https://www.youtube.com/watch?v=eLDt7i45NI4,08.08.2025,00:14:04,00:14:11,non-sarc,female," Mikroplastik gelangt in uns, in dem wir atmen, in dem wir essen und in dem wir trinken.",non-sarc,non-sarc,non-sarc,True,non-sarc,non-sarc,sarc,sarc,non-sarc,non-sarc
100,101,https://www.youtube.com/watch?v=eLDt7i45NI4,08.08.2025,00:14:37,00:14:50,non-sarc,male," Ist kein Spaß. Sehr ernst zunehmende Forscher vermuten, Mikroplastik könnte das Risiko zum Beispiel von Demenz oder Depressionen erhöhen. Die Plastikbelastung in den Gehirnen Demenzkranker ist drei bis fünfmal so hoch.",non-sarc,non-sarc,non-sarc,True,non-sarc,non-sarc,sarc,non-sarc,non-sarc,non-sarc
101,102,https://www.youtube.com/watch?v=eLDt7i45NI4,08.08.2025,00:15:11.5,00:15:21.2,sarc,male," Leute, Leute, was ist denn los mit euch? Wir müssen bitte dringend aufhören, unsere Kreditkarten wegzunaschen. Dafür waren die nie gedacht.",sarc,sarc,sarc,True,sarc,sarc,sarc,sarc,sarc,sarc
102,103,https://www.youtube.com/watch?v=eLDt7i45NI4,08.08.2025,00:16:12,00:16:34,sarc,male," Aber wo kommt das ganze Mikroplastik eigentlich her? Da sind Textilfasern dabei, Reste von zerfallenden Plastikverpackungen und jetzt kommt es erstaunlich viel Reifenabrieb. Reifenabrieb. Gut, das ist definitiv nicht meine Schuld. Ich bremse so gut wie nie, aber wie viel ist das denn so?",sarc,sarc,sarc,True,sarc,sarc,sarc,sarc,sarc,sarc
103,104,https://www.youtube.com/watch?v=eLDt7i45NI4,08.08.2025,00:16:49,00:17:01.3,sarc,male," Das Zeug wird vom Regen in die Kanalisation gespült und landet als Klärschlamm auf den Feldern und letztlich im Salat. Siehste, Rucola ist gar nicht das ekligste, was man in Salat tun kann.",sarc,non-sarc,sarc,False,sarc,sarc,sarc,sarc,sarc,sarc
104,105,https://www.youtube.com/watch?v=eLDt7i45NI4,08.08.2025,00:17:34,00:17:42.6,non-sarc,male," So, EU-Grenzwerte für Reifenabrieb sind zwar in Arbeit, heißt es, allerdings dauert es wohl noch Jahre, bis die in Kraft treten.",non-sarc,non-sarc,non-sarc,True,sarc,non-sarc,non-sarc,non-sarc,sarc,non-sarc
105,106,https://www.youtube.com/watch?v=eLDt7i45NI4,08.08.2025,00:17:54,00:18:08,non-sarc,male," Übrigens, nicht nur Menschen, auch Nutzinsekten wie Bienen leiden zunehmend unter Mikroplastik. Ein internationales Forschungsteam hat vor kurzem eindringlich gewarnt, das könnte deren Funktion als Bestäuber beeinträchtigen.",sarc,non-sarc,non-sarc,False,non-sarc,non-sarc,non-sarc,non-sarc,non-sarc,non-sarc
106,107,https://www.youtube.com/watch?v=JZFnD70hIa0,08.08.2025,00:00:37,00:00:49,sarc,male," Ja, nee, gestern hat ja nur einer geredet. Der andere hat versucht, nicht weiter aufzufallen und zwischendurch hoffentlich sein Gehirn abgeschaltet, denn anders erträgt man dieses Geblubber nicht.",sarc,non-sarc,sarc,False,non-sarc,sarc,sarc,sarc,sarc,sarc
107,108,https://www.youtube.com/watch?v=JZFnD70hIa0,08.08.2025,00:01:35,00:01:41.5,non-sarc,male," Ja, meine Damen und Herren, wir müssen uns das wohl eingestehen. Die USA interessieren sich nicht mehr für Europa.",non-sarc,non-sarc,non-sarc,True,sarc,non-sarc,non-sarc,sarc,non-sarc,sarc
108,109,https://www.youtube.com/watch?v=JZFnD70hIa0,08.08.2025,00:03:31.5,00:03:38,sarc,male," Ja, die produzieren eine Fake-Fernsehshow, damit irgendwas in der orangenen Rübe ankommt.",sarc,sarc,sarc,True,sarc,sarc,sarc,sarc,sarc,sarc
109,110,https://www.youtube.com/watch?v=JZFnD70hIa0,08.08.2025,00:06:12,00:06:17.3,sarc,male," So, das Gute an der Idioten-Battle, egal wer verliert, es trifft in jedem Fall den richtigen.",sarc,sarc,sarc,True,sarc,sarc,sarc,sarc,sarc,sarc
110,111,https://www.youtube.com/watch?v=JZFnD70hIa0,08.08.2025,00:06:18,00:06:23.6,sarc,male," Umso wichtiger und erfreulicher, dass Trump und Merz sich gut verstehen. Für den Moment, ne?",sarc,sarc,non-sarc,False,non-sarc,sarc,sarc,non-sarc,sarc,sarc
111,112,https://www.youtube.com/watch?v=JZFnD70hIa0,08.08.2025,00:06:31,00:06:37.5,non-sarc,male, Der Handelskrieg ist keineswegs vom Tisch. Wir müssen uns also weiter auf den Worst Case vorbereiten.,non-sarc,non-sarc,non-sarc,True,non-sarc,non-sarc,sarc,sarc,non-sarc,non-sarc
112,113,https://www.youtube.com/watch?v=JZFnD70hIa0,08.08.2025,00:06:37.35,00:06:50.7,sarc,male," Deutschland ist in vielen Bereichen abhängig von den USA, nicht nur militärisch, auch digital. Ohne US-Tech-Konzerne, das ist nicht übertrieben, ohne diese Konzerne leben wir hier in Deutschland praktisch wieder in der Steinzeit.",sarc,sarc,non-sarc,False,non-sarc,sarc,sarc,sarc,non-sarc,non-sarc
113,114,https://www.youtube.com/watch?v=JZFnD70hIa0,08.08.2025,00:06:58.6,00:07:01.2,non-sarc,male," Und sagen wir mal ehrlich, den Rückstand holen wir nie mehr auf.",sarc,non-sarc,non-sarc,False,non-sarc,non-sarc,sarc,sarc,non-sarc,non-sarc
114,115,https://www.youtube.com/watch?v=JZFnD70hIa0,08.08.2025,00:09:12.6,00:09:17,sarc,male," Einfach weiter grinsen und so tun, als wäre ein Mann taub! Genial gelöst!",sarc,sarc,sarc,True,sarc,sarc,sarc,sarc,sarc,sarc
115,116,https://www.youtube.com/watch?v=JZFnD70hIa0,08.08.2025,00:09:17,00:09:31.7,non-sarc,male," Auch gestern waren im Oval Office wieder Vertreter der, wie Donald Trump das nennt, neuen Medien dabei. Das sind in erster Linie rechte Blogger und Hardcore-Trump-Fans, die im Weißen Haus tatsächlich als Erste fragen dürfen.",non-sarc,non-sarc,non-sarc,True,non-sarc,non-sarc,non-sarc,non-sarc,non-sarc,non-sarc
116,117,https://www.youtube.com/watch?v=JZFnD70hIa0,08.08.2025,00:13:19,00:13:26,non-sarc,male," Das Verwaltungsgericht Berlin sagt, Zurückweisungen von Asylfällen ohne Dublin-Verfahren sind rechtswidrig.",non-sarc,non-sarc,non-sarc,True,non-sarc,non-sarc,non-sarc,non-sarc,non-sarc,non-sarc
117,118,https://www.youtube.com/watch?v=JZFnD70hIa0,08.08.2025,00:13:38,00:13:51,sarc,male," Auch Innenminister Dobrindt meint, das sind doch bloß Einzelfallentscheidungen. Dabei hat das Gericht die Argumentation der Bundesregierung grundsätzlich zerpflückt. Durch den Häcksler gejagt und nochmal draufgespuckt. Metaphorisch gesprochen.",sarc,non-sarc,sarc,False,sarc,sarc,sarc,sarc,sarc,sarc
118,119,https://www.youtube.com/watch?v=JZFnD70hIa0,08.08.2025,00:14:16,00:14:30,sarc,male," Ja, vorbildlich. Das finde ich wirklich ganz toll, dass er das zugibt. Gerade in unserer Leistungsgesellschaft. Einfach mal sagen, ich bin überfordert. Gut, wir Bürger hatten es bei ihm schon länger geahnt, aber ist ja egal.",sarc,sarc,sarc,True,sarc,sarc,sarc,sarc,sarc,sarc
119,120,https://www.youtube.com/watch?v=JZFnD70hIa0,08.08.2025,00:14:45.7,00:14:51.5,sarc,male," Ja, Migration steuern und begrenzen kann man machen, muss man vielleicht sogar machen, aber doch nicht so, Freunde.",sarc,sarc,non-sarc,False,sarc,non-sarc,sarc,sarc,non-sarc,non-sarc
120,121,https://www.youtube.com/watch?v=JZFnD70hIa0,08.08.2025,00:16:28,00:16:37,sarc,male," Ja, der Investitionsbooster. Okay, ich persönlich hätte es nicht Booster genannt, weil dann direkt wieder die Impfgegner durchdrehen. Ja.",sarc,sarc,sarc,True,sarc,sarc,sarc,sarc,sarc,non-sarc
121,122,https://www.youtube.com/watch?v=JZFnD70hIa0,08.08.2025,00:17:46,00:17:59,sarc,male," Haben Sie das auch gehört? Hat Herr Klingbeil gerade gesagt, deutsche Stärken sind moderne Bildung, bezahlbares Wohnen und digitale Infrastruktur? Er war aber schon in Deutschland, oder? Ja.",sarc,sarc,sarc,True,sarc,sarc,sarc,sarc,sarc,sarc
122,123,https://www.youtube.com/watch?v=JZFnD70hIa0,08.08.2025,00:18:00.2,00:18:06,sarc,male," Also eines Tages bestimmt. Jetzt nicht mehr zu meinen Lebzeiten, aber grundsätzlich, klar.",sarc,sarc,sarc,True,sarc,sarc,sarc,sarc,sarc,non-sarc
123,124,https://www.youtube.com/watch?v=JZFnD70hIa0,08.08.2025,00:25:28.8,00:25:33.7,sarc,male, Ach so! Und ich dachte für die Meerschweinchen. Guck mal an!,sarc,sarc,sarc,True,sarc,sarc,sarc,sarc,sarc,non-sarc
124,125,https://www.youtube.com/watch?v=JZFnD70hIa0,08.08.2025,00:25:34.8,00:25:41.6,non-sarc,male," Worauf die Bewerber hoffen ist völlig klar. Imagegewinn, Wirtschaftsboom und Investitionen in Infrastruktur.",non-sarc,non-sarc,non-sarc,True,sarc,non-sarc,sarc,non-sarc,non-sarc,non-sarc
125,126,https://www.youtube.com/watch?v=JZFnD70hIa0,08.08.2025,00:25:42,00:25:55,sarc,male," Angeblich sollen solche Spiele auch uns Bürger motivieren, mehr Sport zu treiben. Aber sagen wir mal so, ich habe schon 14 Sommerspiele erlebt und Sie sehen ja selbst...",sarc,sarc,sarc,True,sarc,sarc,sarc,sarc,sarc,sarc
126,127,https://www.youtube.com/watch?v=JZFnD70hIa0,08.08.2025,00:26:18,00:26:24,sarc,male," Und ich sag mal so, wenn Eigenlob endlich olympisch wird, holt er hier immer Gold.",sarc,sarc,sarc,True,sarc,sarc,sarc,sarc,sarc,sarc
127,128,https://www.youtube.com/watch?v=JZFnD70hIa0,08.08.2025,00:26:42,00:26:50,sarc,male," Ja, zum Beispiel Bescheidenheit, Demut, das sind alles urbayerische Eigenschaften.",sarc,sarc,sarc,True,sarc,sarc,sarc,sarc,sarc,sarc
128,129,https://www.youtube.com/watch?v=JZFnD70hIa0,08.08.2025,00:27:04,00:27:11,sarc,male," Ja, Arena of Schalke wird eine Schwimmarena. Das ist doch super. Dann wird Schalke endlich mal Meister. Also Bademeister.",sarc,sarc,sarc,True,sarc,sarc,sarc,sarc,sarc,sarc
129,130,https://www.youtube.com/watch?v=JZFnD70hIa0,08.08.2025,00:27:41,00:27:48,sarc,male, Unter drei Stunden mit der Bahn. Nicht mal von Bochum nach Dortmund.,sarc,sarc,sarc,True,sarc,sarc,sarc,sarc,sarc,non-sarc
130,131,https://www.youtube.com/watch?v=JZFnD70hIa0,08.08.2025,00:27:49,00:27:58,sarc,male, Schon bei der Fußball-EM letztes Jahr war der größte Angstgegner aller Fans die Deutsche Bahn. Dicht gefolgt vom Stau in NRW.,sarc,sarc,sarc,True,sarc,sarc,sarc,sarc,sarc,sarc
131,132,https://www.youtube.com/watch?v=JZFnD70hIa0,08.08.2025,00:29:10,00:29:19,non-sarc,male," Manche Experten sagen, Deutschlands Chancen seien eher schlecht. Also zumindest für 2036, dass wahrscheinlich nach Indien oder Katar geht.",sarc,non-sarc,non-sarc,False,non-sarc,non-sarc,sarc,sarc,non-sarc,non-sarc
132,133,https://www.youtube.com/watch?v=JZFnD70hIa0,08.08.2025,00:29:32,00:29:51,sarc,male," Ist eh besser, ne, jetzt mal ehrlich, ist eh besser, wozu Gastgeber werden, wenn wir doch kaum noch Medaillen gewinnen. War doch blamabel bei den letzten Spielen, kaum noch Medaillen. Und das wiederum liegt, wenn ich Friedrich Merz und andere Unionspolitiker richtig verstehe, an unseren viel zu laschen Bundesjugendspielen.",sarc,sarc,sarc,True,sarc,sarc,sarc,sarc,non-sarc,sarc
133,134,https://www.youtube.com/watch?v=JZFnD70hIa0,08.08.2025,00:32:12,00:32:16.3,sarc,male," Mein Gott, Ton und Bild gleichzeitig. Das ist aber auch für Fortgeschrittene.",sarc,sarc,sarc,True,sarc,sarc,sarc,non-sarc,sarc,sarc
134,135,https://www.youtube.com/watch?v=qtVq5bKu-_Q,08.08.2025,00:02:00,00:02:06,sarc,female," Gut, dass eine Heidi Klum seit fast 20 Jahren darauf achtet, dass auch unsere Kinder wirklich perfekte Körper haben.",sarc,sarc,sarc,True,sarc,sarc,sarc,sarc,sarc,sarc
135,136,https://www.youtube.com/watch?v=qtVq5bKu-_Q,08.08.2025,00:03:14,00:03:24,non-sarc,female," Jetzt könnte man sagen, na gut, das sind Models, die sind es gewohnt, auf den Körper reduziert zu werden. Nur leider gilt das auch für Branchen, in denen eigentlich das zählt, was hier oben passiert.",non-sarc,non-sarc,non-sarc,True,non-sarc,sarc,sarc,sarc,non-sarc,sarc
136,137,https://www.youtube.com/watch?v=qtVq5bKu-_Q,08.08.2025,00:04:10.85,00:04:17.6,non-sarc,female," Es scheint für große Teile der Welt ein Affront zu sein, wenn Menschen irgendwo angefangen haben, dicker zu sein als andere.",non-sarc,sarc,non-sarc,False,sarc,non-sarc,sarc,sarc,sarc,sarc
137,138,https://www.youtube.com/watch?v=qtVq5bKu-_Q,08.08.2025,00:07:31,00:07:39,non-sarc,female," Vorurteile gegenüber Mehrgewichtigen haben wir nicht von ungefähr. Schon kleine Kinder kriegen in Fernsehserien eingebimst, was von dicken Bäuchen zu halten ist.",sarc,non-sarc,non-sarc,False,sarc,non-sarc,non-sarc,non-sarc,non-sarc,non-sarc
138,139,https://www.youtube.com/watch?v=qtVq5bKu-_Q,08.08.2025,00:09:19,00:09:27,sarc,female," Einfach weniger essen und mehr Sport machen. So schwer ist es doch nicht. Ach echt, so einfach ist es? Das hat mir noch nie jemand gesagt.",sarc,sarc,sarc,True,sarc,sarc,sarc,non-sarc,sarc,sarc
139,140,https://www.youtube.com/watch?v=qtVq5bKu-_Q,08.08.2025,00:10:27.7,00:10:38.1,non-sarc,male, Lange Zeit wurde Adipositas tatsächlich als eine Willensschwäche dargestellt. Diese Annahme ist durch die Forschung der letzten 10 bis 20 Jahre weitestgehend widerlegt worden.,non-sarc,non-sarc,non-sarc,True,non-sarc,non-sarc,non-sarc,non-sarc,non-sarc,sarc
140,141,https://www.youtube.com/watch?v=qtVq5bKu-_Q,08.08.2025,00:13:42,00:13:53,non-sarc,female," Also, der Body Mass Index wird berechnet, Körpergewicht durch Körpergröße zum Quadrat. Normalgewicht hat man laut WHO bei einem BMI zwischen 18,5 und 24,9.",non-sarc,non-sarc,non-sarc,True,non-sarc,non-sarc,non-sarc,sarc,non-sarc,non-sarc
141,142,https://www.youtube.com/watch?v=qtVq5bKu-_Q,08.08.2025,00:14:09,00:14:17,sarc,female," Gut zugegeben, die Quelle für Tom Cruise Gewicht ist jetzt nicht das statistische Wiegeamt, sondern die Gala. Aber wenn die sich für eine Sache aufrichtig interessieren, dann fremde Körper.",sarc,sarc,sarc,True,sarc,non-sarc,non-sarc,non-sarc,sarc,sarc
142,143,https://www.youtube.com/watch?v=qtVq5bKu-_Q,08.08.2025,00:16:05,00:16:16.8,sarc,female," Also, dieser BMI ist uralt und sagt wenig aus über die Gesundheit eines Menschen. Hm, das sind gute Gegenargumente. Behalten wir trotzdem als Maß, oder? Ja.",sarc,sarc,sarc,True,sarc,sarc,sarc,sarc,non-sarc,sarc
143,144,https://www.youtube.com/watch?v=qtVq5bKu-_Q,08.08.2025,00:16:50,00:17:01,sarc,female," Ach so, wenn man zu dick ist, wird man nicht verbeamtet. Risikofaktor, verstehe. Und was ist, wenn man mit dem Wingsuit vom Berg springt, auf dem Pferd landet und Zigarre rauchen zum nächsten Abnoid-Tauchgang reitet?",sarc,sarc,sarc,True,sarc,sarc,sarc,sarc,sarc,sarc
144,145,https://www.youtube.com/watch?v=qtVq5bKu-_Q,08.08.2025,00:17:48,00:17:54,sarc,female," Geschamed vom eigenen Arzt. Das ist wie vom eigenen Labrador belehrt werden, dass man zu anhänglich sei.",sarc,sarc,sarc,True,sarc,sarc,sarc,non-sarc,sarc,sarc
145,146,https://www.youtube.com/watch?v=qtVq5bKu-_Q,08.08.2025,00:18:06.35,00:18:11,non-sarc,female, Und das ist in unseren Köpfen abgespeichert. Wir trauen Menschen mit viel Gewicht weniger zu.,non-sarc,non-sarc,non-sarc,True,non-sarc,non-sarc,non-sarc,sarc,sarc,non-sarc
146,147,https://www.youtube.com/watch?v=qtVq5bKu-_Q,08.08.2025,00:18:11,00:18:16.4,non-sarc,female," Bei einer Straßenumfrage sollten Menschen schätzen, welchen Beruf meine Kollegin Ariane Alter ausübt.",non-sarc,sarc,non-sarc,False,non-sarc,non-sarc,non-sarc,non-sarc,sarc,non-sarc
147,148,https://www.youtube.com/watch?v=qtVq5bKu-_Q,08.08.2025,00:18:28.6,00:18:40.2,non-sarc,female," Also, ziehen wir mal ein Zwischenfazit. Menschen mit Mehrgewicht werden ungeniert beleidigt, schlechter behandelt oder bezahlt. Dabei leiden viele von ihnen unter einer anerkannten Krankheit, aus der sie nicht so einfach rauskommen.",non-sarc,non-sarc,non-sarc,True,non-sarc,non-sarc,sarc,non-sarc,non-sarc,sarc
148,149,https://www.youtube.com/watch?v=qtVq5bKu-_Q,08.08.2025,00:19:30.7,00:19:35.6,sarc,female," Ich sag's ja immer, Urknall, Evolution, Lanz und Precht, die besten Dinge auf der Welt entstehen durch Zufall.",sarc,sarc,sarc,True,sarc,sarc,non-sarc,non-sarc,sarc,sarc
149,150,https://www.youtube.com/watch?v=qtVq5bKu-_Q,08.08.2025,00:21:08.7,00:21:16.7,sarc,female," Ach so, so einfach geht das nicht? Man kann Dicke nicht einfach dünn spritzen und dann ist das Problem Fettleibigkeit für immer gelöst? Na sowas.",sarc,sarc,sarc,True,sarc,sarc,sarc,non-sarc,sarc,sarc
150,151,https://www.youtube.com/watch?v=qtVq5bKu-_Q,08.08.2025,00:21:18.1,00:21:25.2,non-sarc,female," Die Abnehm-Spritze ist ein Medikament, das adipösen Menschen helfen kann, aber eben auch Schattenseiten hat. Und zwar ganz schön erhebliche.",non-sarc,non-sarc,non-sarc,True,non-sarc,non-sarc,sarc,non-sarc,non-sarc,non-sarc
151,152,https://www.youtube.com/watch?v=qtVq5bKu-_Q,08.08.2025,00:23:19,00:23:29.1,non-sarc,female," Novo Nordidk gibt auf Nachfrage an, dass Nebenwirkungen bekannt und vermerkt seien und bislang keine Anzeichen für das Risiko einer schweren, langanhaltenden Magenlähmung bestünden.",sarc,non-sarc,non-sarc,False,non-sarc,non-sarc,sarc,sarc,non-sarc,non-sarc
152,153,https://www.youtube.com/watch?v=qtVq5bKu-_Q,08.08.2025,00:24:59,00:25:05.1,sarc,female, Dann wäre sie bei 50 Kilogramm und das wäre bei ihrer Größe Untergewicht. Sehr kompetente Beratung.,sarc,sarc,sarc,True,sarc,sarc,non-sarc,sarc,sarc,sarc
153,154,https://www.youtube.com/watch?v=qtVq5bKu-_Q,08.08.2025,00:25:29,00:25:41,non-sarc,female," Adipositas und zunehmende Übergewichtigkeit sind ein Problem, aber vor allem für die Betroffenen. Und das muss die Gesellschaft viel ernster nehmen. Denn wenn etwas ganz bestimmt nicht dagegen hilft, dann ist es Fettshaming.",non-sarc,non-sarc,non-sarc,True,non-sarc,non-sarc,sarc,non-sarc,non-sarc,non-sarc
154,155,https://www.youtube.com/watch?v=qtVq5bKu-_Q,08.08.2025,00:26:13,00:26:18,non-sarc,female," Das Körpergewicht alleine gibt keinerlei Auskunft darüber, wie gesund ein Mensch ist.",non-sarc,non-sarc,non-sarc,True,non-sarc,non-sarc,sarc,sarc,non-sarc,non-sarc
155,156,https://www.youtube.com/watch?v=3jEKIOQCjnw,08.08.2025,00:01:14,00:01:18,sarc,female," Wenn es den Reichen gut geht, dann geht es uns allen gut.",sarc,sarc,sarc,True,sarc,sarc,sarc,sarc,sarc,sarc
156,157,https://www.youtube.com/watch?v=3jEKIOQCjnw,08.08.2025,00:01:22,00:01:29,non-sarc,female," Kleine Fische. Wirklich reich, also so richtig reich, ist man ja eigentlich erst, wenn man sein Reichtum gar nicht mehr hinterfragt.",non-sarc,sarc,non-sarc,False,sarc,sarc,non-sarc,sarc,non-sarc,non-sarc
157,158,https://www.youtube.com/watch?v=3jEKIOQCjnw,08.08.2025,00:02:06,00:02:16,sarc,female," Deutschland hat jedenfalls die viertmeisten Milliardäre weltweit. 132 gibt es bei uns. Ist ja auch klar, wir sind ja das Land der hart arbeitenden Menschen und der Effizienz.",sarc,sarc,sarc,True,sarc,sarc,non-sarc,non-sarc,sarc,non-sarc
158,159,https://www.youtube.com/watch?v=3jEKIOQCjnw,08.08.2025,00:02:20.8,00:02:26,non-sarc,female, Denn deutsche Milliardärinnen und Milliardäre profitieren überdurchschnittlich doll von ihren Vorfahren.,non-sarc,sarc,non-sarc,False,non-sarc,non-sarc,non-sarc,non-sarc,non-sarc,sarc
159,160,https://www.youtube.com/watch?v=3jEKIOQCjnw,08.08.2025,00:02:26,00:02:33,non-sarc,female, Weltweit kommen im Durchschnitt 36% des Milliardärsvermögen aus Erbschaften. In Deutschland sind es 71%.,non-sarc,non-sarc,non-sarc,True,non-sarc,non-sarc,sarc,sarc,non-sarc,non-sarc
160,161,https://www.youtube.com/watch?v=3jEKIOQCjnw,08.08.2025,00:04:09,00:04:17,sarc,female," Das muss man sich mal vorstellen. Klaus Michael Kühne ist so reich, der hat zwei iPads. Sogar Steve Jobs hatte nur eins.",sarc,sarc,sarc,True,sarc,sarc,sarc,sarc,sarc,sarc
161,162,https://www.youtube.com/watch?v=3jEKIOQCjnw,08.08.2025,00:06:15,00:06:22,sarc,female," Also während wir ja zum Beispiel wirklich leidenschaftlich gerne Steuern zahlen, ist das ein weiterer Luxus, auf den Kühne verzichtet.",sarc,sarc,sarc,True,sarc,sarc,non-sarc,sarc,sarc,sarc
162,163,https://www.youtube.com/watch?v=3jEKIOQCjnw,08.08.2025,00:06:35,00:06:48.5,sarc,female," Ja, dieser Staat, dieser Staat, der baut immer nur U-Bahnen und Kitas, aber Kühne fährt Gebrauchtwagen und hat keine Kinder. Es bringt ihm also nichts. Kühne will sein Geld ja nicht sinnlos verschwenden, sondern das unterstützen, was er persönlich gern mag.",sarc,sarc,sarc,True,non-sarc,sarc,sarc,sarc,sarc,non-sarc
163,164,https://www.youtube.com/watch?v=3jEKIOQCjnw,08.08.2025,00:07:09,00:07:14,sarc,female, Sogar die Schwächsten unserer Gesellschaft unterstützt er als Hauptinvestor beim HSV.,sarc,sarc,sarc,True,sarc,sarc,sarc,non-sarc,sarc,sarc
164,165,https://www.youtube.com/watch?v=3jEKIOQCjnw,08.08.2025,00:08:02.2,00:08:07.5,sarc,female," Gründerpreis für einen Erben und Professorentitel fürs Geld geben, kühne es sich wirklich für nichts zu schade.",sarc,sarc,sarc,True,sarc,sarc,sarc,sarc,non-sarc,sarc
165,166,https://www.youtube.com/watch?v=3jEKIOQCjnw,08.08.2025,00:08:35,00:08:44.3,sarc,female," Hamburg baut jetzt also eine neue Oper und Kühne wird der Stadt dafür 330 Millionen Euro geben. Mal sehen, ob er dafür von Hamburg dann zum Papst ernannt wird.",sarc,sarc,sarc,True,sarc,sarc,sarc,sarc,sarc,sarc
166,167,https://www.youtube.com/watch?v=3jEKIOQCjnw,08.08.2025,00:09:13,00:09:21.7,non-sarc,female," Klau-Mi Kühne hat viele Einnahmequellen. Ihm gehören unter anderem Anteile an Flixbus, Lufthansa und der Reederei Habergloid.",sarc,non-sarc,non-sarc,False,non-sarc,non-sarc,non-sarc,non-sarc,non-sarc,non-sarc
167,168,https://www.youtube.com/watch?v=3jEKIOQCjnw,08.08.2025,00:09:48,00:09:54,non-sarc,female," Die Basis von Kühnes Vermögen stammt aber von dem Unternehmen, das er geerbt hat und das seinen Namen trägt.",non-sarc,non-sarc,non-sarc,True,non-sarc,non-sarc,sarc,sarc,non-sarc,non-sarc
168,169,https://www.youtube.com/watch?v=3jEKIOQCjnw,08.08.2025,00:23:52,00:23:58.6,sarc,female, Als verantwortungsvoller reichster Mann Deutschlands könnte man dieser Geschichte also durchaus mehr Raum auf der Firmenwebseite widmen.,sarc,sarc,non-sarc,False,non-sarc,non-sarc,non-sarc,sarc,sarc,sarc
169,170,https://www.youtube.com/watch?v=3jEKIOQCjnw,08.08.2025,00:24:17.7,00:24:25,sarc,female," Ja, wenn jemand durch die Geschichte der NS-Zeit wirklich Qualen erlitten hat, dann die armen Deutschen, die sich ständig erinnern müssen.",sarc,sarc,sarc,True,sarc,sarc,sarc,non-sarc,sarc,sarc
170,171,https://www.youtube.com/watch?v=3jEKIOQCjnw,08.08.2025,00:24:49,00:25:04,non-sarc,female," Wenn man sich nämlich nicht damit auseinandersetzt, wie ein menschenverachtendes faschistisches System entstanden ist und durch welche Person es unterstützt wurde, dann kann man auch nicht aufpassen, dass sowas nicht nochmal geschieht. Wem nützt es also? Ganz einfach uns allen.",sarc,non-sarc,non-sarc,False,non-sarc,non-sarc,sarc,non-sarc,non-sarc,non-sarc
171,172,https://www.youtube.com/watch?v=3jEKIOQCjnw,08.08.2025,00:26:11,00:26:19,sarc,female," Klaus Michael Kühne ist nicht der Einzige, der sich in Deutschland schwer tut mit dem Erinnern. Ganz Deutschland tut sich schwer mit seinem Erbe.",sarc,sarc,non-sarc,False,sarc,sarc,non-sarc,non-sarc,sarc,sarc
172,173,https://www.youtube.com/watch?v=3jEKIOQCjnw,08.08.2025,00:27:28,00:27:38.5,non-sarc,female," Wir haben jetzt in dieser Sendung viel darüber gesprochen, was der reichste Deutsche mit seinem Geld macht, woher es kommt und wie er sich weigert, auf die Geschichte seines Vaters und seines Unternehmens zu blicken.",non-sarc,non-sarc,non-sarc,True,non-sarc,sarc,non-sarc,non-sarc,non-sarc,sarc
173,174,https://www.youtube.com/watch?v=4qAA-u-NF2E,08.08.2025,00:02:06.8,00:02:11,non-sarc,female," Das Internet ist das Beste, was der Werbeindustrie passieren konnte.",sarc,non-sarc,non-sarc,False,sarc,non-sarc,non-sarc,sarc,non-sarc,non-sarc
174,175,https://www.youtube.com/watch?v=4qAA-u-NF2E,08.08.2025,00:03:41.9,00:03:50.9,non-sarc,female," Die Werbebranche kennt anscheinend all meine Steckenpferde, denn Cookies speichern jedes Mal, wenn wir irgendeine Webseite oder App aufrufen, alle möglichen Informationen von uns.",non-sarc,non-sarc,non-sarc,True,non-sarc,non-sarc,non-sarc,non-sarc,non-sarc,non-sarc
175,176,https://www.youtube.com/watch?v=4qAA-u-NF2E,08.08.2025,00:05:32,00:05:40.6,non-sarc,female, Und draußen kann man Werbung ja nicht einfach wegklicken oder blocken. Da ist man ihr total ausgeliefert. Sie glotzt einen einfach überall an. Und das ist genau so gewollt.,non-sarc,non-sarc,non-sarc,True,sarc,sarc,non-sarc,non-sarc,non-sarc,non-sarc
176,177,https://www.youtube.com/watch?v=4qAA-u-NF2E,08.08.2025,00:06:30.8,00:06:37,non-sarc,female, 2023 hat die Out-of-Home-Branche fast 3 Mrd. Euro Umsatz gemacht. Nur in Deutschland.,non-sarc,non-sarc,non-sarc,True,non-sarc,non-sarc,sarc,sarc,non-sarc,non-sarc
177,178,https://www.youtube.com/watch?v=4qAA-u-NF2E,08.08.2025,00:08:35,00:08:47,non-sarc,female," Ein Außenwerbeunternehmen hat selbst mal nachgeforscht, wie lange Autofahrer auf Werbetafeln gucken. Das Ergebnis? Fast 2,38 Sekunden lang fangen digitale Werbeflächen die Blicke der Autofahrer ein.",non-sarc,non-sarc,non-sarc,True,non-sarc,non-sarc,non-sarc,sarc,non-sarc,non-sarc
178,179,https://www.youtube.com/watch?v=4qAA-u-NF2E,08.08.2025,00:08:47,00:08:52,sarc,female," 2,38 Sekunden. In dieser Zeit können sich locker zehn Klimaaktivisten auf die Straße kleben.",sarc,sarc,sarc,True,sarc,sarc,non-sarc,non-sarc,sarc,sarc
179,180,https://www.youtube.com/watch?v=4qAA-u-NF2E,08.08.2025,00:09:32,00:09:48,sarc,female," Die beiden Big Player sind Ströhr und Waldeko. Und wie dieses Tortendiagramm unschwer erkennen lässt, hat sich die Firma Ströhr ein besonders großes Stück vom Außenwerberkuchen gesichert. Also ich bin jetzt keine Expertin für Konditorei, aber nennt man sowas in der Fachsprache nicht. Monopol?",sarc,sarc,sarc,True,sarc,non-sarc,sarc,sarc,sarc,non-sarc
180,181,https://www.youtube.com/watch?v=4qAA-u-NF2E,08.08.2025,00:15:03,00:15:10,sarc,female," Ja, laut Langenscheid Wörterbuch für Behördensprache bedeutet das, leck mich am Arsch.",sarc,sarc,sarc,True,sarc,sarc,sarc,sarc,sarc,sarc
181,182,https://www.youtube.com/watch?v=4qAA-u-NF2E,08.08.2025,00:18:39,00:18:47.5,sarc,female," Ah, schön, keine langen Wartezeiten, während in Dresden alle 850 Haltestellen abgerissen und neu gebaut werden. Klingt ja nach einem super Deal für die Bürger.",sarc,sarc,sarc,True,sarc,sarc,sarc,sarc,sarc,sarc
182,183,https://www.youtube.com/watch?v=4qAA-u-NF2E,08.08.2025,00:18:47.6,00:18:56,sarc,female," Und wenn es doch mal wieder länger dauert, weil der Bus nicht kommt, hat man an den neuen Haltestellen immerhin was zu gucken. Werbung. Und jetzt sogar digital.",sarc,sarc,sarc,True,sarc,sarc,sarc,non-sarc,sarc,sarc
183,184,https://www.youtube.com/watch?v=4qAA-u-NF2E,08.08.2025,00:20:19,00:20:26,sarc,female," Das klingt ungefähr so sinnvoll, wie mit einer Antarktiskreuzfahrt auf das Abschmelzen der Polkappen hinzuweisen.",sarc,sarc,sarc,True,sarc,sarc,non-sarc,sarc,sarc,sarc
184,185,https://www.youtube.com/watch?v=4qAA-u-NF2E,08.08.2025,00:20:37,00:20:46.5,non-sarc,female," Für die CO2-Emissionen, die entstehen, um ein einziges digitales Werbedisplay herzustellen, könnten sie 150 Mal von Hamburg nach München fliegen.",non-sarc,non-sarc,non-sarc,True,sarc,non-sarc,non-sarc,non-sarc,non-sarc,non-sarc
185,186,https://www.youtube.com/watch?v=4qAA-u-NF2E,08.08.2025,00:22:17,00:22:24.6,sarc,female," Keine Restriktionen. Wie praktisch. So wie Airbnb keine Hotels betreibt und Uber keine Taxis, macht Heil keine Außenwerbung.",non-sarc,sarc,sarc,False,sarc,sarc,non-sarc,non-sarc,sarc,sarc
186,187,https://www.youtube.com/watch?v=4qAA-u-NF2E,08.08.2025,00:27:07.2,00:27:14.5,non-sarc,female," Ist nun mal so. Wir werden zunehmend auch im öffentlichen Raum auf Schritt und Tritt zu Werbezwecken verfolgt und getrackt, ob wir wollen oder nicht.",non-sarc,non-sarc,non-sarc,True,non-sarc,non-sarc,non-sarc,non-sarc,non-sarc,non-sarc
187,188,https://www.youtube.com/watch?v=4qAA-u-NF2E,08.08.2025,00:27:27.3,00:27:35,non-sarc,female," Es gibt Städte, da darf Ströhr eigene WLAN-Hotspots über die Werbescreens anbieten. Das ist zum Beispiel in Bochum und Osnabrück der Fall.",non-sarc,non-sarc,non-sarc,True,non-sarc,non-sarc,non-sarc,non-sarc,non-sarc,non-sarc
188,189,https://www.youtube.com/watch?v=sxTqt8UQJ1Q,08.08.2025,00:05:52.2,00:06:01.15,non-sarc,male, Kurz zu den Fakten. Die Zahl der Asylanträge ist bis Ende April im Vergleich zum Vorjahr nochmal um 46% gesunken.,sarc,non-sarc,non-sarc,False,non-sarc,non-sarc,sarc,sarc,non-sarc,non-sarc
189,190,https://www.youtube.com/watch?v=sxTqt8UQJ1Q,08.08.2025,00:07:01.5,00:07:08.5,non-sarc,male, 3000 zusätzliche Beamte wurden an die Grenze beordert und fehlen jetzt an Flughäfen und Bahnhöfen.,sarc,non-sarc,non-sarc,False,non-sarc,non-sarc,sarc,sarc,non-sarc,sarc
190,191,https://www.youtube.com/watch?v=sxTqt8UQJ1Q,08.08.2025,00:08:03,00:08:10,non-sarc,male," Diese Grenzkontrollen sind bestimmt gut gemeint, aber in erster Linie reine Symbolpolitik.",non-sarc,non-sarc,non-sarc,True,non-sarc,sarc,sarc,sarc,non-sarc,non-sarc
191,192,https://www.youtube.com/watch?v=sxTqt8UQJ1Q,08.08.2025,00:09:04.3,00:09:10.5,sarc,male," Wenn Sie AbschiebeTV technisch nicht empfangen können, geht natürlich auch WeltTV, das ist quasi das Gleiche.",sarc,sarc,sarc,True,sarc,sarc,sarc,sarc,sarc,sarc
192,193,https://www.youtube.com/watch?v=sxTqt8UQJ1Q,08.08.2025,00:15:19,00:15:29.5,non-sarc,male," Sinnvoll ist das Ende der Kassenbons übrigens nur, wenn auch der andere Teil des Deals aus dem Koalitionsvertrag wirklich kommt. Also die digitale Zahlungsoption.",non-sarc,non-sarc,non-sarc,True,non-sarc,non-sarc,sarc,non-sarc,non-sarc,non-sarc
193,194,https://www.youtube.com/watch?v=sxTqt8UQJ1Q,08.08.2025,00:17:59,00:18:04.6,non-sarc,male," Lars Klingbeil, unser neuer Finanzminister, macht hoffentlich ernst beim Kampf gegen Steuerbetrug.",sarc,non-sarc,non-sarc,False,non-sarc,sarc,sarc,non-sarc,non-sarc,non-sarc
194,195,https://www.youtube.com/watch?v=sxTqt8UQJ1Q,08.08.2025,00:25:36,00:25:53,sarc,male," Donald Trump ist in dieser Woche erstmals in der neuen Amtszeit ins Ausland geflogen. Er besucht seine engsten Verbündeten. England, Frankreich und Deutschland. Spaß! Es ging natürlich nach Saudi-Arabien, Katar und die Emirate.",sarc,sarc,sarc,True,sarc,sarc,sarc,sarc,sarc,sarc
195,196,https://www.youtube.com/watch?v=sxTqt8UQJ1Q,08.08.2025,00:27:33,00:27:41,sarc,male," Natürlich, ja. Wahrscheinlich kann man den sogar für Kindergeburtstage buchen, wenn man einen Trump Tower neben die Hüpfburg baut.",sarc,sarc,sarc,True,sarc,sarc,sarc,sarc,sarc,sarc
196,197,https://www.youtube.com/watch?v=aY_4CAiKhPw,08.08.2025,00:03:11,00:03:19,non-sarc,male," Wildberger hier verzichtet durch den Wechsel ins Ministeramt auf sage und schreibe 2,6 Millionen Jahresgehalt.",non-sarc,sarc,non-sarc,False,non-sarc,non-sarc,sarc,non-sarc,non-sarc,non-sarc
197,198,https://www.youtube.com/watch?v=aY_4CAiKhPw,08.08.2025,00:15:37,00:15:42,non-sarc,male," So, immerhin kommt in diesen Tagen Bewegung in die Ukraine-Verhandlungen.",sarc,non-sarc,non-sarc,False,non-sarc,non-sarc,sarc,sarc,sarc,sarc
198,199,https://www.youtube.com/watch?v=aY_4CAiKhPw,08.08.2025,00:17:09.6,00:17:23.4,non-sarc,male," Menschen werden in den USA ohne Anklage von der Straße weg verhaftet und abgeschoben. Inzwischen landen sogar Richterinnen im Knast, wenn sie dabei nicht mithelfen wollen. Es gibt jeden Tag neue Trump-Angriffe auf Medien oder Universitäten.",non-sarc,non-sarc,non-sarc,True,non-sarc,non-sarc,sarc,sarc,non-sarc,non-sarc
199,200,https://www.youtube.com/watch?v=aY_4CAiKhPw,08.08.2025,00:26:59.3,00:27:11.6,non-sarc,male," Und mal ganz jenseits von Hackerangriffen, Patientenschützer kritisieren die elektronische Akte, weil Fachärzte mit der einsehen können, wegen was man bei anderen Ärzten behandelt wurde.",non-sarc,non-sarc,non-sarc,True,sarc,non-sarc,non-sarc,sarc,sarc,sarc
200,201,https://www.youtube.com/watch?v=TrnmqyGtN28,08.08.2025,00:01:38,00:01:44,non-sarc,male," Und Kinder, wenn wir schon so viel Geld ausgeben, dann bitte nur für Zukunftsinvestitionen.",non-sarc,sarc,non-sarc,False,non-sarc,sarc,non-sarc,non-sarc,sarc,sarc
201,202,https://www.youtube.com/watch?v=TrnmqyGtN28,08.08.2025,00:07:14.3,00:07:22,non-sarc,male," Why? Deutschlands Behörden, ist kein Witz, nutzen aktuell um die 10.000 verschiedene Softwarelösungen.",sarc,non-sarc,non-sarc,False,non-sarc,non-sarc,sarc,sarc,non-sarc,non-sarc
202,203,https://www.youtube.com/watch?v=TrnmqyGtN28,08.08.2025,00:07:40,00:07:47.5,non-sarc,male, Laut einer IFO-Studie gehen 22 Prozent der Arbeitszeit in Deutschland alleine für Bürokratie drauf.,sarc,non-sarc,non-sarc,False,non-sarc,non-sarc,non-sarc,non-sarc,non-sarc,non-sarc
203,204,https://www.youtube.com/watch?v=TrnmqyGtN28,08.08.2025,00:08:47,00:09:03,non-sarc,male, Außerdem fordert die Initiative Handlungsfähiger Staat ein Ende des Planungs- und Genehmigungsstaus. Planfeststellungsverfahren müssen in Wochen fertig werden statt in Jahren. Und dafür braucht es natürlich mehr Personal in der Verwaltung.,sarc,non-sarc,non-sarc,False,non-sarc,non-sarc,sarc,sarc,non-sarc,non-sarc
204,205,https://www.youtube.com/watch?v=TrnmqyGtN28,08.08.2025,00:09:42,00:09:47.8,non-sarc,male, Alle diese Baustellen im wörtlichen und im übertragenen Sinne muss die Regierung Merz zügig angehen.,non-sarc,non-sarc,non-sarc,True,non-sarc,non-sarc,sarc,sarc,non-sarc,non-sarc
205,206,https://www.youtube.com/watch?v=TrnmqyGtN28,08.08.2025,00:22:20.5,00:22:30.5,non-sarc,male, Tatsächlich hat das Auswärtige Amt die Reisehinweise für die Vereinigten Staaten vorgestern verschärft und warnt unter bestimmten Bedingungen explizit vor Festnahme und Abschiebung.,non-sarc,sarc,non-sarc,False,non-sarc,non-sarc,sarc,sarc,non-sarc,non-sarc
206,207,https://www.youtube.com/watch?v=NiB2mQ5t8mw,08.08.2025,00:05:48.4,00:05:53.75,non-sarc,female, Die Unterschiede zwischen Ost- und Westdeutschland sind selbst nach all den Jahren immer noch erschreckend offensichtlich.,non-sarc,non-sarc,non-sarc,True,non-sarc,non-sarc,sarc,non-sarc,non-sarc,non-sarc
207,208,https://www.youtube.com/watch?v=NiB2mQ5t8mw,08.08.2025,00:24:56,00:25:01.1,non-sarc,female, Wir haben endlich eine Angleichung der Ost- und West-Rentenwerte geschafft. In die Richtung muss das weitergehen.,sarc,non-sarc,non-sarc,False,non-sarc,non-sarc,non-sarc,non-sarc,non-sarc,sarc
208,209,https://www.youtube.com/watch?v=NiB2mQ5t8mw,08.08.2025,00:26:07.6,00:26:15.5,non-sarc,female," Denn dieselbe Studie hat herausgefunden, in Wirklichkeit teilen wir sehr wohl fast haargenau die gleichen Werte in Ost- und Westdeutschland.",non-sarc,non-sarc,non-sarc,True,non-sarc,non-sarc,non-sarc,non-sarc,non-sarc,non-sarc
209,210,https://www.youtube.com/watch?v=7Gsvjtm4tEU,08.08.2025,00:01:10.5,00:01:20,non-sarc,female," Bei Unfällen ist oft Alkohol mit im Spiel. 2022 wurden mehr als 20.000 Menschen bei Verkehrsunfällen unter Alkoholeinfluss verletzt, zum Teil mit Todesfolge.",non-sarc,non-sarc,non-sarc,True,non-sarc,non-sarc,non-sarc,non-sarc,non-sarc,non-sarc
210,211,https://www.youtube.com/watch?v=7Gsvjtm4tEU,08.08.2025,00:15:08.7,00:15:15,non-sarc,female," Das Problem ist nämlich, Vorbereitungskurse kann jeder anbieten, ohne irgendwas irgendwem vorzuweisen.",non-sarc,non-sarc,non-sarc,True,sarc,non-sarc,non-sarc,sarc,non-sarc,non-sarc
211,212,https://www.youtube.com/watch?v=7Gsvjtm4tEU,08.08.2025,00:19:44.5,00:19:52.1,non-sarc,female," Jedenfalls findet man im internen Kundenbereich jede Menge Tipps, wie man Abstinenznachweise auch von Drogen umgehen oder verfälschen kann.",non-sarc,non-sarc,non-sarc,True,non-sarc,non-sarc,non-sarc,sarc,non-sarc,non-sarc
212,213,https://www.youtube.com/watch?v=7Gsvjtm4tEU,08.08.2025,00:21:06.3,00:21:15,non-sarc,female," Im Ernst? Das haben uns die Dura-Kunden berichtet. Obwohl sie vorher noch nie was mit der MPU-Soforthilfe zu tun haben, bekamen sie von dort ihre Teilnahmebescheinigung.",non-sarc,non-sarc,non-sarc,True,non-sarc,non-sarc,non-sarc,sarc,sarc,non-sarc
213,214,https://www.youtube.com/watch?v=7Gsvjtm4tEU,08.08.2025,00:27:24.4,00:27:33.3,non-sarc,female," Denn das kann ich Ihnen am Ende unserer Sendung sagen. Je tiefer wir uns in das Thema eingegraben haben, umso fassungsloser waren wir, was sich dafür gestalten tummeln.",non-sarc,sarc,non-sarc,False,non-sarc,non-sarc,sarc,non-sarc,non-sarc,non-sarc
