text,label,language
user اشتركت بمسابقات كثير من رمضان وانا اشترك ولا مره احد طاح علي الحين بس ودي اتوظف ادعوووووولي بالوظيفه اكفون,0,arabic
"Klaus Michael Kühne ist nicht der Einzige, der sich in Deutschland schwer tut mit dem Erinnern. Ganz Deutschland tut sich schwer mit seinem Erbe.",1,german
诚实勇敢勤劳善良,0,chinese
"아, 정말 큰 재미를 놓치셨네요.",0,korean
مرشحان أفضلهما سيئ!: سالم مشكور /خرجت مرشحة الرئاسة الاميركية هيلاري كلنتون متفوقة على منافسها دونالد ترامب ... http,1,arabic
قناة روسيا اليوم/ مهنئا العراقيين.. #ترامب يتصل ب #العبادي ويدعوه لزيارة #واشنطن #اسأل... - عبر نبض @user http,0,arabic
الانقلابي جورج اسحق يشكو من تعسف الانقلاب انت لسه شفت حاجة بكره تبكى بدل الدموع دم وتقول ولا يوم من ايامك يا مرسي,1,arabic
In der Regel. Was heißt denn das? Immer? Manchmal? Nur wenn die Sonne in Konjunktion mit Jupiter steht?,1,german
那中午吃饭怎么办,0,chinese
getting in a crash on january 1st seemed like the worst thing in the world but i’ve just been given the fittest hire car so silver linings,0,english
Hi,0,english
"Ach ja, die Nachrichtenlage macht echt gar keinen Spaß mehr in diesen Tagen.",0,german
كيفية الغاء كورتانا المساعد الشخصي في ويندوز Windows 10 http,0,arabic
Donald Trumps Lieblingsmensch ist und bleibt halt Donald Trump. Das weiß inzwischen jedes Kind.,1,german
"Gut zugegeben, die Quelle für Tom Cruise Gewicht ist jetzt nicht das statistische Wiegeamt, sondern die Gala. Aber wenn die sich für eine Sache aufrichtig interessieren, dann fremde Körper.",1,german
Do the Hokies really have to play 5 against 6 tonight? Come on stripes,1,english
"Just got in, how’d Liverpool get on?",1,english
정말로? 그럼 너무 고민할 것도 없었겠네요.,0,korean
ﺍﻟﺸﻌﺐ_ﻳﺮﺩ_تحية_الرئيس #انتخبوا_العرص #خليك_مصدق ان حزب النور اسلامي,1,arabic
"Ausgewogene Verteilung bedeutet nicht gleichmäßige Verteilung. Aha, das sagt wohl auch der große Bruder zum Kleinen, wenn er seine Gummibärchen klaut.",1,german
"SpaceX is incredible. For all the problems in the world, the pursuit of discovery and doing things that have never been done before warms my heart!",0,english
비싸도 맛있다면 괜찮아요. 추천해 주셔서 감사합니다.,0,korean
مساء النور حبيب القلب #رامي_عياش #أمير_الليل @user,0,arabic
يعنى الكنائس ف القدس افضل من قناة القاهرة و الناس ف مصر #الكنايس_ترفع_الاذان #القدس #الاقصى_الاسير,1,arabic
"아, 그렇군요. 저는 다양한 맛을 경험하는 것이 좋습니다. 상추와 파만 먹으시는 분들이 특별하다고 생각해요.",0,korean
这证明咱们是一个光荣的集体,0,chinese
"Ein Außenwerbeunternehmen hat selbst mal nachgeforscht, wie lange Autofahrer auf Werbetafeln gucken. Das Ergebnis? Fast 2,38 Sekunden lang fangen digitale Werbeflächen die Blicke der Autofahrer ein.",0,german
"아니, 캐릭터가 사라져서 어떡해. 이제 인생이 망했어.",0,korean
这么简单的道理,1,chinese
"Here’s the situation, DO WHATEVER MAKES YOUR HEART HAPPY!!! You’re going to die one day dang it. At least do all the things you wanted to before you leave!!",0,english
要么有要么没有,1,chinese
"아, 아기가 그런 복잡한 말을 모두 이해하겠군요.",1,korean
咦小胡,0,chinese
"Das muss man sich mal vorstellen. Klaus Michael Kühne ist so reich, der hat zwei iPads. Sogar Steve Jobs hatte nur eins.",1,german
"Auch gestern waren im Oval Office wieder Vertreter der, wie Donald Trump das nennt, neuen Medien dabei. Das sind in erster Linie rechte Blogger und Hardcore-Trump-Fans, die im Weißen Haus tatsächlich als Erste fragen dürfen.",0,german
people who think it’s funny to spike drinks are the actual scum of the earth,0,english
when i try to bond with my friends' boyfriends i feel like jane goodall,0,english
أفضل ممثل لثورتنا#30_يونيو هو قائدهاسيادةالمشير علشان كده #السيسي_رئيسي_2014 #سأنتخب_السيسى_و_مش_هنزل_لمستواك,1,arabic
@USER @USER buy really rare pokemon card,1,english
"자이언티가 노래를 부르는 부분이 웃겼습니다. 그의 목소리를 좋아하는데, 그렇게 노래를 부르는 것을 처음 보아서 웃었습니다.",0,korean
"아, 복직 준비라니, 그것도 마치 주말에 산책 가는 것처럼 쉽죠.",1,korean
هما لغوا خاصية switch account في تحديثات فيسبوك ماسينجر الجديدة عند كل الناس؟ ولا ده غباء من الأبليكيشن اللي معايا بس ولا ايه اللي بيحصل؟,1,arabic
jack antonoff once ur done with clairo i’m right here sweetie,1,english
من #بروكسل | الأمين العام لـ«#الناتو» واثق من قيادة ترامب للحلفhttp http,0,arabic
"아니, 너한테 이런 좋은 기회가 왔다니, 진짜 부럽다.",1,korean
"오, 그걸 어떻게 알았어? 매일 고슴도치를 만지거나 해본 적 있어?",0,korean
그런데 찾아봤자 몇 개나 될까?,0,korean
It’s that time again. Please recommend some good period dramas and comedies.,0,english
@USER SHOCKED. How am I supposed to tell the kids they're not going to Disneyland on June 21st after all? It's already been cancelled 36 times! HTTPURL,1,english
Ich habe mir Ihre digitale Gesundheitsakte schon im Darknet besorgen können.,1,german
그럼 우리 당신을 '빵만 먹어도 행복한 사람'이라고 부르겠습니다.,1,korean
تركيا: لم نبرم أي «صفقة» سرية مع موسكو حول مستقبل سورياhttp http,0,arabic
"I made a thing. My first attempt at mixed media, steampunk style as a gift to @USER 14 years of not killing each other. I'm kind of happy with this one. anniversary happy mixedmedia steampunk myart HTTPURL",0,english
그런 사랑스러운 방법으로 물건들을 정리하는군요.,1,korean
@USER Win next three and we're guaranteed second aren't we?,0,english
"워, 너 정말 모험가 같네. 꼭 재미있는 이야기 들려줘.",0,korean
에어컨이 없어서 좋으시겠어요. 사우나를 즐기실 수 있으니까요.,1,korean
ماذا قال رامي عياش عن الممثل أسعد رشدان؟ http http,0,arabic
user: هل تغير إيران من سياسات تعاملها مع السعودية؟http البديل :http http,0,arabic
"Und ich sag mal so, wenn Eigenlob endlich olympisch wird, holt er hier immer Gold.",1,german
Wir haben endlich eine Angleichung der Ost- und West-Rentenwerte geschafft. In die Richtung muss das weitergehen.,0,german
Why did my wife decide we needed a new kitchen !2Days to strip the tiles and plywood off ! HTTPURL,0,english
"Pissed off at @USER and just want out of my contract, but I'm sure that would just be way too easy, ugh :(",1,english
"Deutsche Waffen werden aber nicht nur zur Verteidigung Europas verkauft, sondern auch in Länder wie Saudi-Arabien.",0,german
导演导演是这样啊,0,chinese
그럼요. 배가 너무 고파서 말도 못 하겠어요.,0,korean
"아니야, 다른 곳에 있어서 선택해야 해.",0,korean
يعني لما أقول إن مبارك المخلوع سحب سفيرنا من إسرائيل مرتين قبل كده يوصل اللغط أن النعاج والخرفان يقولوا أني بشكر فيه؟ فعلاً بكل طلاقة #ماء,1,arabic
yo @USER do yall do hysterectomies?,1,english
.@USER IL needs to be a leader in the fight to protect women's rights. It's time to modernize Illinois' abortion law and pass the Reproductive Health Act. Please vote yes! RHAinIL twill,0,english
Elaine Quijano exhibits roughly the same amount of control over this debate as two rabbits do on their first date.,1,english
"I've done Christmas alone before and this is the way to do it. Eat what you want, drink what (and however much, or little) as you want. Watch as much TV, and watch whatever you want. Walk, sleep, read, do whatever you want to do, own the day it will be what you make it. HTTPURL",0,english
اذن فلتحرقنا الحرب جميعا حظ سعيد في محاولة ابادة او اخضاع مئات الالاف,1,arabic
التعاطي مع ملف النازحين السوريين في لبنان يكون فقط مع منظمة الأمم المتحدة فقط ونازحين السوريين في لبنان يرفضون التعامل مع النظام السوري,0,arabic
Will pessi sign for man city,1,english
i want tech to be banned for use in work relationships. i don't ever want my bosses asking me why im missing optional shit. just write me up at that point.,0,english
user: في تكتيك لو يستخدمه الشايب العايب باوزا اضمن انهم بيفوزون بالراحة ، يوريهم بين الشوطين الصورة اللي نزلها ميسي و شف الحماس…,0,arabic
"Bevor das Gesetz endgültig beschlossen wird, dürfen jetzt erstmal alle Fraktionen im Bundestag draufschauen und Änderungsvorschläge einbringen.",0,german
你怎么会想到这些呢,0,chinese
그럼 백신 맞기 전부터 아픈 사람처럼 약까지 먹어야 하나요?,0,korean
这也就是能骗骗你们这些小姑娘,1,chinese
"So, EU-Grenzwerte für Reifenabrieb sind zwar in Arbeit, heißt es, allerdings dauert es wohl noch Jahre, bis die in Kraft treten.",0,german
"와, 시간과 돈을 너무나도 효율적으로 사용하시는군요.",1,korean
I would do so much for people that would do absolutely nothing for me lol at least i know who my true friends are,1,english
"아니, 해외여행은 할 수 없으니 가까운 곳만 다니잖아.",0,korean
“The App Store [is]... an economic miracle” but Apple magic not working today at AntiTrustHearings Apple stifles innovation that is the lifeblood of our economy. -Lucy McBath speaking some truth today HouseJudiciary HTTPURL,1,english
"Und Schuld an unserem kollektiven Gefühl ist natürlich Donald Trump und seine bescheuerten Zolle. Ich glaube, die hat er ausgewürfelt. Wahrscheinlich mit demselben Würfel, mit dem Elon Musk die Namen für seine Kinder ausgewürfelt hat.",1,german
الصورة ليست في سوريا او فلسطين إنما في ليبيا #بنغازي والسبب ان مدينة مارقة اسمها #مصراته تريد ان تحكم ليبيا وتحرق الأخضر واليابس#بوكرشة,0,arabic
"So we actually have to do hot girl summer without 1989 Taylor’s version., I’m sick",1,english
好多家都没粮食吃,0,chinese
user: شاهد | #أردوغان للعبادي: أنت لست من مستواي ولا من قيمتي.. الزم حدودك! http,1,arabic
wait what the fuck that solo yolo is mad?,1,english
그냥 너무 바빠서 몸이 힘들어. 하루에 몇 시간씩 일하게 되니까.,0,korean
그럼 그 가락국숫집은 진짜 고급스러운 집이겠군요.,0,korean
"Also wenn Akteure wie die Landesforstanstalten öffentliche Akteure Mitglieder sind in einem privaten Lobbyverband der Waldwirtschaft, dann ist das ein massiver Rollenkonflikt.",0,german
咋突然间不讲道理呢,1,chinese
"I think this is growing up...I never watch vh1 or MTV anymore, only hgtv and the food network...oh and of course SVU",0,english
user: http الفلبين يشتم باراك أوباما#الإمارات_بعيون_عربية http,1,arabic
يا مرسي يا خاين يا عميل، عيالك الأمريكان قتلوه,1,arabic
그럼 그만큼 사람들에게 사랑받는 집이겠군요.,0,korean
just realised the first time I will listen to Red (taylor's version) will be on the way to printworks so I will literally be crying in the club,0,english
上课我硕士都快毕业了,1,chinese
"ريكي مارتن خطب واحد ""سوري"" يا فرحه امك بيك والله",1,arabic
我怎么觉得这个像没干的水泥啊,1,chinese
음... 아직까지는 크게 문제는 없는 것 같아요. 하지만 운동량 대비 효과가 크게 보이지 않아서 조금 힘들긴 해요.,0,korean
我实事求是好吗,0,chinese
没事的叔叔,0,chinese
If only people would care as much about poverty and social equality the way they do jumping up and down for Team Remain or Team Leave.,1,english
"Wir haben jetzt in dieser Sendung viel darüber gesprochen, was der reichste Deutsche mit seinem Geld macht, woher es kommt und wie er sich weigert, auf die Geschichte seines Vaters und seines Unternehmens zu blicken.",0,german
Can't help but feel a bit pissed off with Kane after this. It's fair he wants to leave but he signed a contract. He doesn't get to throw a hissy fit and get a transfer that is financially unjustifiable. It's an unimaginably huge privilege to play football professionally. Turn up.,0,english
这是天经地义的事呀,1,chinese
It really bugs me when teachers uncap and recap highlighters three or four times per book when marking - Poor time management! efficiency,1,english
نتهم عصام العريان وحزب الحرية والعدالة بإحداث فتنة وقتل وإصابة مصريين,1,arabic
真的就根本就没动手,0,chinese
"بعض خريجي #الأزهر ""يخرفون"" في خطبة الجمعة #أخبار #مصر",1,arabic
Superposition of Eulers,0,english
Als verantwortungsvoller reichster Mann Deutschlands könnte man dieser Geschichte also durchaus mehr Raum auf der Firmenwebseite widmen.,1,german
"Geschamed vom eigenen Arzt. Das ist wie vom eigenen Labrador belehrt werden, dass man zu anhänglich sei.",1,german
@USER Would love a cheeky McDonald’s breakfast before a busy day at work would set the day off on the right foot ! FancyAMcDonalds,1,english
"27 Prozent. Das ist sogar noch optimistisch gerechnet. Denn Bund und Länder werten eine Dienstleistung schon als online verfügbar, wenn sie von nur einer Kommune angeboten wird. Mit der Logik ist RWE klimaneutral, nur weil sie in Brunsbütteln ein Windrad aufgestellt haben.",1,german
مو معقوووولة لاعبين بهالحجم غياب لاعب حتى لو هاللاعب هو #ميسي ياخي شلون تبي تحقق مونديال وأنت بدونه ضاااااايع !!!!#الارجنتين_البارغواي,1,arabic
Schon bei der Fußball-EM letztes Jahr war der größte Angstgegner aller Fans die Deutsche Bahn. Dicht gefolgt vom Stau in NRW.,1,german
你和我都不是这么想的,0,chinese
谁怀孕了,0,chinese
Spanish farmers block traffic with tractors to demand fair prices for producers HTTPURL,0,english
user: اردوغان عامل حفلة صغيرة لبوتين المتوحش اللي بيبد الشعب السوري ،بس شكله كده معزمش خاشفجي على الحفلة اتفضل يا خاشفجي المايك…,1,arabic
been in college for 3 weeks and learned that I've been experiencing the educational form of racism my whole life and that im probably dyslexic,0,english
@USER Actually I've extrapolated based on the last daily candle and it turns out BTC will be sub-zero by December. The math doesn't lie.,1,english
"알레르기가 있는데도 불구하고 유기묘 카페를 방문하다니, 정말 용감하신 분이시군요.",0,korean
너무 어려워. 로켓과학 같은 거지.,1,korean
她为什么要埋怨我们呀,1,chinese
"아, 그래서 푹 잘 수 있겠군요. 좋은 일이네요.",1,korean
"Es geht heute schließlich nicht um den berühmten Raumfahrtpionier, der eine problematische Vergangenheit im Faschismus hat. Nein, es geht heute um den berühmten Raumfahrtpionier, der eine problematische Zukunft im Faschismus hat.",1,german
@USER And with a plentiful supply of rhubarb.,1,english
"Also, ziehen wir mal ein Zwischenfazit. Menschen mit Mehrgewicht werden ungeniert beleidigt, schlechter behandelt oder bezahlt. Dabei leiden viele von ihnen unter einer anerkannten Krankheit, aus der sie nicht so einfach rauskommen.",0,german
龙二龙二爷,0,chinese
그렇군요. 아마도 힐링이 필요하신 것 같네요.,0,korean
never drinking again,1,english
Genau so und nur so gewinnt man die Herzen der Menschen.,1,german
user @user الجيش الحر قاتل النظام قبل ظهور داعش,0,arabic
imagine being able to sleep haha can’t relate,1,english
"Also, gerade kleine und mittelständische Unternehmen leiden wohl besonders unter der Bürokratie.",0,german
user رساله السيسي يبقى سيسي وانت المرة الجاية صور السيسي من الخلف وقدام عريات تحب تصوير الخوازيق انت,1,arabic
"Adipositas und zunehmende Übergewichtigkeit sind ein Problem, aber vor allem für die Betroffenen. Und das muss die Gesellschaft viel ernster nehmen. Denn wenn etwas ganz bestimmt nicht dagegen hilft, dann ist es Fettshaming.",0,german
"아, 그 영화 정말 재미있겠네요. 다음에 저도 보러 가야겠어요.",0,korean
那你可以在租来的房子里结婚,1,chinese
"So, das Gute an der Idioten-Battle, egal wer verliert, es trifft in jedem Fall den richtigen.",1,german
你忘记掉了以前这个小鬼头,1,chinese
"스쾃을 그렇게 많이 해도 자세가 아직 모르신다니, 진짜 열심히 하시는 분이시네요.",1,korean
满座大丈夫尽作女儿态,1,chinese
اللي يشوفك يتمنى يكون مثلك واللي يعرفك يحترمك ويحبك واللي يسمع عنك يتمنى يقابلك ! #حاول,0,arabic
저는 60대입니다.,0,korean
لقد قدم قضاة مصر وقواتها المسلحة أرفع المثل في البذل والتفاني من أجل انجاح العملية الانتخابية وتأمين ارادة الشعب ولن تنسي مصر لهم ذلك,0,arabic
"Alter, das wäre doch der perfekte Slogan für die Deutsche Bahn. Pünktlichkeit oder so ein Quatsch.",1,german
근데 배고픈 게 문제야. 외출 안 하니까 식사를 많이 해.,0,korean
"그럼 고양이 알레르기가 있어서 다행이네요, 덕분에 뮤지컬 음악에 집중할 수 있으니까요.",1,korean
'분노의 질주' 보면서 정말 행복해질 수 있겠다.,1,korean
"아, 그래서 내가 세상에서 가장 낭비적인 사람이라는 거구나.",1,korean
"허어, 정말 건강한 식습관을 가지고 계시네요.",1,korean
混蛋太君能这么不长眼吗,1,chinese
user اين يمكن ان اجد تخصص الجوده في الخدمات الصيدلانيه في جامعات بريطانيا ؟,0,arabic
Got complimented on my skills in da kitchen today by both my managers and the head chef lfg,0,english
If your flight is delayed more than the length of the flight itself everyone should get free booze cc: @USER,0,english
"아, 그러니까 완전히 한 끼를 대신하셨군요.",1,korean
그럼요. 생선 구우는 거랑 라면 끓이는 거랑 별 차이 없어요.,0,korean
娘这是什么,0,chinese
너 진짜 패션에 대한 열정이 대단하다. 이제 옷장 사는 것도 고려해 봐야겠네.,1,korean
Raging debate on the importance of an Orlando Magic Summer League Championship. Definitely a notch below 6 if decided by coin flip. HTTPURL,1,english
I’m getting the vaccine on Wednesday,0,english
你说是他好还是李若秋好啊,0,chinese
مقتل طفلة وإصابة طفل فى انفجار عبوة بدائية بالقاهرة http #غزة #فلسطين,0,arabic
이런 빠른 대처를 보니 우리는 정말 렌터카 없이 여수에 가지 못할 것 같아.,1,korean
الولايات_المتحدة : غرامة الف دولار لاى شاحنة تمد المعتصمين والمحتجين على مد خط الانابيب فى نورث داكوتا بالمؤن بعد صدور امر الاخلاء,0,arabic
جْ_سِ_كِ#ابّوَقًيَسِ_الُاسِدِ_#الولايات_المتحدة#تشوركين : القوات المسلحة السورية حققت أكبر نصر معنوي لها في... http,0,arabic
"Und Kinder, wenn wir schon so viel Geld ausgeben, dann bitte nur für Zukunftsinvestitionen.",0,german
"Leute, Leute, was ist denn los mit euch? Wir müssen bitte dringend aufhören, unsere Kreditkarten wegzunaschen. Dafür waren die nie gedacht.",1,german
其实我也不知道该怎么办,0,chinese
thank you @USER i just shit my pants very cool ranbooemail,1,english
"@USER imagine your delivery being 2 hours late, and imagine calling up your service team only for them to hang up at 10pm, coincidentally the same time the office closes. But it’s okay, my £3 delivery fee is being refunded though",1,english
why do i check the weather app like it's social media,0,english
"Wenn Sie AbschiebeTV technisch nicht empfangen können, geht natürlich auch WeltTV, das ist quasi das Gleiche.",1,german
"Aber wo kommt das ganze Mikroplastik eigentlich her? Da sind Textilfasern dabei, Reste von zerfallenden Plastikverpackungen und jetzt kommt es erstaunlich viel Reifenabrieb. Reifenabrieb. Gut, das ist definitiv nicht meine Schuld. Ich bremse so gut wie nie, aber wie viel ist das denn so?",1,german
"아, 약국에 물건 팔아야 할까 봐 걱정했는데 다행이네요.",1,korean
"Day 55 of Lockdown. Finally bought some jigsaw puzzles. Absolutely cannot wait for them to come, highlight of my day (maybe even year)",1,english
@USER But what were the ratings?? (Replied to his Tweet with the same thing.),1,english
"아, 그럼 무척 운동한 후 같은 기분이 들었겠군요.",1,korean
"그럼 이제 선글라스와 모자 없이는 나갈 수 없겠네요, 패션 아이콘이 될 기회네요.",0,korean
我想想啊哪个连队的,0,chinese
Aber vielleicht ist der kleine Elon noch mal aus dem Fenster geklettert und hat heimlich seine neofaschistische Freundin getroffen. Wir wissen es nicht.,1,german
"حكومة الاحتلال الإسرائيلي تطلق اسم الرئيس الأسبق شمعون بيريز على مركز ديمونا النووي، خصوصا أنه كان يعرف بـ ""أب... http",0,arabic
كلها بقت احمد الشيخ اهو,1,arabic
"135 مليون جنيه إجمالى خسائر الشركة نتيجة غلق محطتى ""السادات والجيزة"" حتى الآن! #انتخبوا_البرص",1,arabic
"오 짠 치킨이라, 음료수는 따로 안 시켜도 되겠네.",1,korean
"Keine Restriktionen. Wie praktisch. So wie Airbnb keine Hotels betreibt und Uber keine Taxis, macht Heil keine Außenwerbung.",1,german
班长你弄啥呢一日一练,1,chinese
总想表现你自己啊,1,chinese
I do embroidery on tote bags and jumpers over on my depop for cheap prices please go check it out would mean the world to me! depop embroidery totebags @USER @USER on depop HTTPURL,0,english
呸,1,chinese
دونالد ترامب صايع و لسانه خارب مش عارف كيف يبي يحكم أمريكا,1,arabic
인상이 좋지 않아. 눈치 보이고 얼굴이 불편해 보여.,0,korean
"Walking home from work and it’s dark so I’m a bit jumpy. Notice someone following me on the other side of the road so speed up. The follower also speeds up, legged it all the way home and realised that I’m 26 and literally scared of my own shadow",0,english
"Damn, imagine being vaxxed and then getting a cold and then losing your taste and smell. Oh wait.",1,english
"Naja, ich sag mal für Trumps Kabinett wäre so ein Sack Backsteine wahrscheinlich überqualifiziert.",1,german
ههههههههههههههههههههههههههههههههههههههههههههههههههههههههههههههههههههههههلا بس اضحك ع الي يقول ديبالا خليفة ميسي,0,arabic
"Ja, laut Langenscheid Wörterbuch für Behördensprache bedeutet das, leck mich am Arsch.",1,german
Seit der letzten Inventur sind nämlich allein 400.000 Fichten abgestorben. Eine Fläche größer als das Saarland.,0,german
"아, 그러니까 고객들이 문제를 일으키면서 동시에 그 문제를 해결해 주는 거군요.",0,korean
7_ انا عاوزة احرق #أماني_الخياط بالغاز,1,arabic
بيقولك #صباحى نفى تصريحاته عن محاكمة #السيسى و قال عنه إنه بطل شعبى -عندة اننفصام فى شخصية الحزين ده والله,1,arabic
"Ja, Migration steuern und begrenzen kann man machen, muss man vielleicht sogar machen, aber doch nicht so, Freunde.",1,german
فيديو خد ياض خلاص روح ياض الاسبوعي http,1,arabic
"Duodenum, Jejunum, and Ilium would be cute names for triplets, don’t @ me",1,english
"Manche Experten sagen, Deutschlands Chancen seien eher schlecht. Also zumindest für 2036, dass wahrscheinlich nach Indien oder Katar geht.",0,german
"Auch Innenminister Dobrindt meint, das sind doch bloß Einzelfallentscheidungen. Dabei hat das Gericht die Argumentation der Bundesregierung grundsätzlich zerpflückt. Durch den Häcksler gejagt und nochmal draufgespuckt. Metaphorisch gesprochen.",1,german
"I asked my husband to buy dog poo bags when he went out earlier and they'd sold out. So instead of going to another shop, he bought bin bags. So now I still can't clean up after the dog but if I happen to buy a donkey and need to clean up after that, I'm sorted.",1,english
"""@USER: FLORIDA YOU LITERALLY HAVE ONE JOB""",1,english
بحسب الجزيرة ميدان التحرير يتسع ل 500 ألف مصري أو 2 مليون إسلامي,1,arabic
그럼 너에게 물은 '진짜' 커피처럼 느껴지겠네.,1,korean
"아, 그래? 내가 강아지를 잘 못 키울 것 같아서?",0,korean
솔직히 모르겠어요. 처음 시도하는 거라 소스 추천 좀 부탁드려요.,0,korean
ERROR: 404 HTTPURL,0,english
user اعلان خالع,1,arabic
你怎么现在跑到后面去坐了,0,chinese
"아니요, 그래도 그 싱거운 국물이 생각나서 다음에 또 먹어볼 생각입니다.",1,korean
"Die Basis von Kühnes Vermögen stammt aber von dem Unternehmen, das er geerbt hat und das seinen Namen trägt.",0,german
"Angeblich sollen solche Spiele auch uns Bürger motivieren, mehr Sport zu treiben. Aber sagen wir mal so, ich habe schon 14 Sommerspiele erlebt und Sie sehen ja selbst...",1,german
"Ja, alle reden nur noch über die USA, nur halt nichts Gutes.",1,german
الفلولي مصطفى بكري ينسى اسم ولي أمرهفيكتب (أيوب) بدل (منصور) اللهم لا تزد الانقلابيين إلا ضلالا! …,1,arabic
every time something happens to the stock market it just becomes more and more clear that i don’t understand the stock market,0,english
الاعلام الغربي شغله الشاغل ترامب + مؤخرة كيم و كايلي فقط #حقيقة,1,arabic
"Gut, ich geb's zu, in einem Punkt entspricht unser Comic natürlich nicht der Wahrheit. Musk hat zu dem Mann nicht, du blöder Taucher, gesagt. Er hat ihn als pädophil bezeichnet.",1,german
对了明天需要我盛装出席吗,1,chinese
"우와, 그런 결단력 정말 본받아야겠어요.",0,korean
6 more hours and then a whoppingly massive 2days off work! wowzers!,1,english
"Übrigens schon seit Monaten geplant, aber ich denke mal Nummer 17 hier wird Putin endgültig in die Knie zwingen oder wie waren die ersten Reaktionen im russischen Staatsfernsehen?",1,german
정말? 그럼 당신은 정말로 행운아 시네요!,1,korean
试问足下那时候,0,chinese
"Ewige Chemikalien, man findet sie überall, im Regen, in menschlichem Blut, selbst in der Arktis wurde PFAS jetzt schon nachgewiesen, in der Arktis.",0,german
اسكندرية : محطة الرمل زمان أو دلوقت دايما جميلة,0,arabic
"Die Abnehm-Spritze ist ein Medikament, das adipösen Menschen helfen kann, aber eben auch Schattenseiten hat. Und zwar ganz schön erhebliche.",0,german
"Yes, it's unfortunate that we are in lockdown again - however, this blame mentality isn't helping anyone. With everything we've experienced during lockdown, we shouldn't move forward with divisive and unkind comments but instead with unity and compassion leicesterlockdown",0,english
"ومبروك ل #لبنان انشاء وزارة دولة "" #حقوق_المرأة "" هههههههه",0,arabic
Second hand embarrassment for anyone that actually queued to get into a nightclub last night,0,english
user: الفشل الأممي في وقف الارهاب السعودي سيؤدي لدعم وإنتشارالإرهاب وسيدفع ثمنه الغرب بأسره,0,arabic
Tell my 18 month old to not put what is in her hand into her mouth. Her solution: try to shove it in Mom's mouth. olilogic,0,english
先生的母亲就如同我的母亲,0,chinese
جوجل تتحدّى #أبل و #سامسونج عبر #هاتفها_الذكي الجديد http #تكنولوجيا @user http,0,arabic
我哪儿也不去这儿挺好,0,chinese
"Die beiden Big Player sind Ströhr und Waldeko. Und wie dieses Tortendiagramm unschwer erkennen lässt, hat sich die Firma Ströhr ein besonders großes Stück vom Außenwerberkuchen gesichert. Also ich bin jetzt keine Expertin für Konditorei, aber nennt man sowas in der Fachsprache nicht. Monopol?",1,german
It’s “let’s see how many crumbs I can find in scarf” szn.,1,english
user أهل ريال مدريد ركزوا بأندية العالم Good luck,0,arabic
"Also während wir ja zum Beispiel wirklich leidenschaftlich gerne Steuern zahlen, ist das ein weiterer Luxus, auf den Kühne verzichtet.",1,german
Und jetzt kommt's. Neuerdings droht er sogar Donald Trump im Zollstreit mit der gefährlichsten deutschen Geheimwaffe seit der V2. Mit Steuern.,1,german
"Dass Beamte an politischen Schrauben drehen und mit harten Bandagen an der politischen Front kämpfen, ist auf jeden Fall eine ganz neue Berufsbeschreibung für einen Staatsdiener.",1,german
I wish I had a green thumb,0,english
"아니요, 제가 보는 것은 건강식품에 관한 먹방입니다.",0,korean
"At this time more than most, it is important to celebrate Pride2020 No one should ever be afraid to love who they love, or to show it. Pride",0,english
你又在骗我吧,0,chinese
어쩜 그렇게 햄스터가 세상에서 가장 귀여운 스타가 될 수 있겠어.,1,korean
"Also, dieser BMI ist uralt und sagt wenig aus über die Gesundheit eines Menschen. Hm, das sind gute Gegenargumente. Behalten wir trotzdem als Maß, oder? Ja.",1,german
Hahahah @USER is shutting down the entire campus for quarantine!! Couldn’t happen to a nicer group of Covid deniers! CovidIsNotOver karmaisabitch Covid_19,1,english
코로나 때문에 집에서 편안하게 휴가를 보내게 되셨네요.,0,korean
你还要我说什么呀,0,chinese
아 그래요? 다음부턴 미리 말씀해 주시면 좋겠네요.,0,korean
والغاز مش مدعوم يا إنسان؟ وماذا عن الأسمنت والحديد والأسمدة؟ واضح أنك تفهم أقل من الحيوان,1,arabic
WTF is Tim Horton’s?,0,english
"Novo Nordidk gibt auf Nachfrage an, dass Nebenwirkungen bekannt und vermerkt seien und bislang keine Anzeichen für das Risiko einer schweren, langanhaltenden Magenlähmung bestünden.",0,german
ميسي قاعد يتابعكم الحين على القليل احترمو هذا الشي يا عاهات,1,arabic
"오, 매일 새로운 도전이 있으니 삶이 즐겁겠네요!",1,korean
"아, 그래요? 검은색이 정말 잘 어울릴 것 같네요.",1,korean
"Wenn es den Reichen gut geht, dann geht es uns allen gut.",1,german
组织上不让江德福干了,0,chinese
قسما بربي لو رأيتك أمامي لجعلتك جثه هامده تأكل منها الكلاب,0,arabic
"그럼, 당신은 정말로 다른 사람의 고통에서 즐거움을 느끼시는군요.",0,korean
你们有病吧,1,chinese
user اه فهمت ..بيغني للامشكرا يا محمد ..جستن بيبر ده مجنن الولاد عندي,1,arabic
每时每刻都在饱受教益,1,chinese
I’m really looking forward to not hugging my friends and family through choice rather than by law.,1,english
"Denn das kann ich Ihnen am Ende unserer Sendung sagen. Je tiefer wir uns in das Thema eingegraben haben, umso fassungsloser waren wir, was sich dafür gestalten tummeln.",0,german
"So, noch in diesem Jahr sollen Voraussetzungen für Wehrerfassung und Wehrüberwachung geschaffen werden. Das heißt, wir müssen hier erstmal rauskriegen, wen wir überhaupt noch im Bestand haben. An wehrfähigen Reservisten zum Beispiel.",0,german
그러면 우리 집이 대한민국 최고의 뷔페가 될 수 있겠네!,0,korean
"응, 무명의 식당이야. 아무도 모르는 곳 말이지.",1,korean
i want to go back to last year when i properly discovered kpop and it was so fun and exciting,0,english
人活着就得干净一点,1,chinese
저는 그런 조합으로도 피스타치오의 맛을 좋아하게 될 수 없을 것 같아요.,0,korean
بالميرا_نيوز#حلب_الشرقية#شاهد////الدمار الذي خلفته عصابات روسيا والمجرم بشار وميليشيات الشيعة الإيرانية... http,1,arabic
班长尝尝我炒的菜,0,chinese
اللى_رافضين_السيسى_رئيس_بيعملوا_فولوا_لبعض #انتخبوا_العرص #مرسي_رئيسي #سيناء_خارج_التغطية #سأنتخب_السيسي,1,arabic
"아, 즉석식품만 먹으시면 건강관리에 딱이겠네요.",1,korean
user @user قال له : النصر حليفك .. لعنة الله عليهما .. لافرق بينهما #جرائم #بوتن,1,arabic
"Deutschland hat jedenfalls die viertmeisten Milliardäre weltweit. 132 gibt es bei uns. Ist ja auch klar, wir sind ja das Land der hart arbeitenden Menschen und der Effizienz.",1,german
user: مفتي الجمهوريه المصريه يقول ان اردوغان قواد شاهد بالصوره والصوتhttp,1,arabic
"Wieso ist es denn so schwierig, Verwaltungen zu digitalisieren? Eine Erklärung liefert diese anschauliche Grafik. Und? Verwirrt? Ich auch.",1,german
Tal and I are at this crazy expensive Japanese Peruvian restaurant. The ambience is insane. Live dj. We ordered a 9 course meal. Goodbye money,0,english
不光是怀疑你这里的每个人都有犯罪嫌疑,0,chinese
"아, 그러니까 그들은 돈을 잘 벌어가는 사업가라고 보면 되겠군요.",1,korean
"Deutschland ist in vielen Bereichen abhängig von den USA, nicht nur militärisch, auch digital. Ohne US-Tech-Konzerne, das ist nicht übertrieben, ohne diese Konzerne leben wir hier in Deutschland praktisch wieder in der Steinzeit.",1,german
كوبلر يقترح اختيار رئيس جديد للحكومة الليبية http #ليبيا #Libya,0,arabic
قناة أصدارات أناشيد على التلغرامhttp,0,arabic
그럼 하나만 선택하시는 게 아니라 둘 다 드시면 배고픔을 확실히 해결하실 수 있겠네요.,0,korean
ليس غريباً على من تربوا في حضن #البعث، أن يتسابقوا الى #الاستانة و #موسكو و #حميميم،عليهم فقط أن يفعلوا ما كانوا... http,1,arabic
시험이 있어서야. 그래서 공부하고 있는 거야.,0,korean
"Und nach unseren Recherchen war Herr Schmidt nicht der einzige Beamte, der von den Bundesländern an den Forstwirtschaftsrat entliehen wurde.",0,german
Lange Zeit wurde Adipositas tatsächlich als eine Willensschwäche dargestellt. Diese Annahme ist durch die Forschung der letzten 10 bis 20 Jahre weitestgehend widerlegt worden.,0,german
赵处长,1,chinese
"@USER @USER Get ratioed, then tell us more about the ""hate-filled left,"" especially about how the Republicans and independents who voted for Biden are somehow part of that group",1,english
"Menschen werden in den USA ohne Anklage von der Straße weg verhaftet und abgeschoben. Inzwischen landen sogar Richterinnen im Knast, wenn sie dabei nicht mithelfen wollen. Es gibt jeden Tag neue Trump-Angriffe auf Medien oder Universitäten.",0,german
와 너 정말 능력자네. 다른 사람들은 문제 있어도 너만 잘 되니까!,1,korean
If you don't like Lemonade you're an extremist,1,english
user: ٦- أين دموعهم من الجرائم التي يرتكبونها في سوريا والعراق واليمن وغيرها؟ أين دموعهم من أيديهم الملطخة بالدماء في حلب وكل أنح…,1,arabic
Tell the liverpool players to get some beers and just sit on the grass for the full 90 mins. Let leeds score as many goals as they want. NoToEuropeanSuperLeague,1,english
这事恐怕要麻烦小周了,0,chinese
"Die haben da aber auch wirklich eine schöne Festveranstaltung gemacht. Sogar die Kanzlerin war da. Natürlich begrüßt vom Präsidenten des DFWR, Georg Schirnbeck. Oder war er als Bundestagsabgeordneter? Ich komme schon selbst ganz durcheinander.",1,german
谁说不是啊,1,chinese
"아, 일하러 가서도 에너지를 충전하시다니 대단하시군요.",1,korean
"Sinnvoll ist das Ende der Kassenbons übrigens nur, wenn auch der andere Teil des Deals aus dem Koalitionsvertrag wirklich kommt. Also die digitale Zahlungsoption.",0,german
جان أوغاسبيان ، وزير الدولة لشؤون (المرأة) رجُل في حكومة لبنان !! شف الاسم وشف المنصب ، موب موب عندنا (العرج) وماسك تماسيح وتولجوه نزاهة,1,arabic
你这么胆小,1,chinese
وسط ارسنال : دراكسلر والكوت اوزيل سانتي رامزي تشاكا كوكلين تشامبرلين النني أيوبي . يخرب بيت الوسط الجبار,1,arabic
"Bei Unfällen ist oft Alkohol mit im Spiel. 2022 wurden mehr als 20.000 Menschen bei Verkehrsunfällen unter Alkoholeinfluss verletzt, zum Teil mit Todesfolge.",0,german
I have more fun with my parents and boyfriend than anyone else. Is this old age?,0,english
等我这都弄好了你们住过来就行了,0,chinese
كيري من استلم الخارجيه لامريكا وهو قالب راس العبد الغبي اوباما ، وصار تعجيل اجتماع 5+1وكان كيري نشط مستعجل لفك الحصار عن طهران والتقرب اليها,1,arabic
I misspoke - knockdown instead of lockdown - feels right,0,english
الهاشتاغ الاكثر تداولا اليوم في لبنان #عباس_في_غينيس_بوك #جامعه_مش_حسينيه #الجامعه_بترجع_جامعه #مني_مرعشلي #حمله_دفي #وينن #الضنيه #لافروف,0,arabic
"Wildberger hier verzichtet durch den Wechsel ins Ministeramt auf sage und schreibe 2,6 Millionen Jahresgehalt.",0,german
كل البلاوي اللي #الداخليه هتعملها بعد كده فينا هتبقى بإسم #مكافحة_الارهاب وهنرجع تاني نغني لفق لفق في القضيه بتاعت #الالتراس #النظام_هو_هو,1,arabic
"wow, ok, unfollowing now. Was a big fan of putting your left leg in, but just heard about taking your left leg out",1,english
不是人腿是狗腿,1,chinese
"Worauf die Bewerber hoffen ist völlig klar. Imagegewinn, Wirtschaftsboom und Investitionen in Infrastruktur.",0,german
user ايضاًنعم ..لكن الاعلام الغربي هوسيّدالموقف في التشويه والتحسين بينما الاعلام العربي في التشويه فقط وعن غير قصد,1,arabic
@USER Do you know of any good chippies in the Crewe area?,1,english
user افضل الافلام اللي شفتهم للاشهب حقك كيتس /ماين بريم كي ديواني هون/كابهي غوتشي كابهي قام ، بالذات دوره في ماين بريم جممميلو,0,arabic
فضلت اتريق على اللي شغلهم الساعة 8 واتريق واتريق لغاية ما مطلوب مني في 10 دقائق اكون لابس ونازل وخمس دقائق وابقى فى الشغل #فجأة,1,arabic
Laut der aktuellen Ausgabe der Fachzeitschrift Brain Medicine schaffen es die frechen kleinen Partikel immer erfolgreicher durch die sogenannte Blut-Hirn-Schranke.,0,german
بجملتين سأكتفيعشقتك منذ البدايةوسأحبك حتى النهاية ...@user#نادين_نسيب_نجيم http,0,arabic
그래요. 저도 마스크 없이 더 많은 공기를 호흡하고 싶어요.,0,korean
Ohne die Amis haben wir fast keine Luftaufklärung und auch keine flächendeckende Luftabwehr. Die Bundeswehr hat nicht mal genug Munition.,0,german
我也是男人呢,1,chinese
그러니까 앞으로는 당신에게 향신료를 선물해야겠네요.,1,korean
将心比心嘛,0,chinese
How do I tell my wawa they’ve had mocha mint () in the regular ice coffee slot for two months,0,english
Laut einer IFO-Studie gehen 22 Prozent der Arbeitszeit in Deutschland alleine für Bürokratie drauf.,0,german
احمد فتفت صار مغضوب عليه بمجرد اعترضو على ميشال عون . (ديمقراطيه,1,arabic
그럼 베리베리 스트로베리로 게임을 즐기시는 거겠네요.,0,korean
是啊,1,chinese
只要战友能吃上新鲜蔬菜,1,chinese
ياسين السويحة، عن عودة الحدود وسياساتها إلى مركز النقاش السياسي في الغرب http #الولايات_المتحدة #دونالد_ترامب,0,arabic
my bf took my off his lock screen which obvi means he’s cheating on me,1,english
"Spiced Coconut curry . A weekend spent with friends brings a week of content... or something like that . Started the weekend off with this yummy morsel, With was a fusion of miso sesame aubergine , broccoli… HTTPURL",1,english
"와우, 당신은 정말 다재다능하시네요.",1,korean
班长啊你也在这儿,0,chinese
好那就请军师即刻用兵吧,0,chinese
craving an ice pick lobotomy on this Friday afternoon,1,english
I love online shopping because if I am physically in a store and an employee even looks at me I will immediately leave.,1,english
"그렇군요, 저희는 이미 그 문제를 잘 알고 있습니다. 하지만 아직도 해결하지 못하고 있군요.",0,korean
"오, 열심히 일하는구나. 당신은 정말 회사의 보석이야.",0,korean
"If your website still has a google plus share button, forgive me if I’m not tripping over myself to take your information as credible or current.",1,english
怎么开心法,1,chinese
更何况是你了,1,chinese
بعد الإنتخابات الأمريكية الأخيرة أثبت الإعلام الغربي أنه إعلام موجّه وغير صادق وأثبت الإعلام العربي أنه ببغائي بامت… http,1,arabic
user ان كان كده خاليها تبعتلك وائل ومعاه اتنين رامي عياش,1,arabic
你电影看多了吧你,1,chinese
الجديد تركت كل زعماء العالم ونقلت كلمة امير #قطر في وداع #كاسترو انو سيجار كاسترو اكبر من قطر بعدين شو جاب حمد لكاسترو,1,arabic
那于小姐条件那么好,0,chinese
"Im Übrigen, wissen Sie, gilt die alte Regel, wenn die FDP eine politische Entscheidung richtig scheiße findet, war sie sehr wahrscheinlich gut.",1,german
"make it illegal to say/write ""Dems in disarray"" on account of it being stupid as fuck",1,english
那爸爸问你个问题啊,0,chinese
"Gut, man kann von den Forstbetrieben auch nicht verlangen, die Bäume mit einer Nagelfeile abzuraspeln. Und um das mal vorweg zu sagen, es gibt da draußen wirklich viele Förster und Waldbesitzer, die alles dafür tun, dass es dem Wald nicht schlecht geht.",1,german
@USER @USER can i use this chiamus for my ap lang speech about parallelism lmao,1,english
على طريقة #عادل_إمام .. سعدية ومجدي تزوجا داخل قسم شرطةhttp http,0,arabic
"Jetzt könnte man sagen, na gut, das sind Models, die sind es gewohnt, auf den Körper reduziert zu werden. Nur leider gilt das auch für Branchen, in denen eigentlich das zählt, was hier oben passiert.",0,german
Cheers @USER delivery lady for dropping my parcel off covered in coffee HTTPURL,1,english
"Ich zeige Ihnen das mal an einem Beispiel, das in Deutschland noch mehr Raum einnimmt als die Bürokratie. Dem Auto.",1,german
"Ja, nee, gestern hat ja nur einer geredet. Der andere hat versucht, nicht weiter aufzufallen und zwischendurch hoffentlich sein Gehirn abgeschaltet, denn anders erträgt man dieses Geblubber nicht.",1,german
그래요? 좋은 마사지를 받은 것 같으셨겠어요.,0,korean
كيف تختار البطيخة الحلوة و الجيدة #غرد_بمعلومة #غرد_بصورة,0,arabic
جولة #السوري الحر بدرعا || جولة مع أمير الإقتحام #جبهة النصرة في تل الجا: عبر,0,arabic
"Aber es ist ja nicht so, dass man Wirtschaft und Umweltschutz nicht vereinbaren könnte.",0,german
"응, 그래. 그냥 계속 평범하게 지내려고.",0,korean
她早上七点半上学,1,chinese
"2,38 Sekunden. In dieser Zeit können sich locker zehn Klimaaktivisten auf die Straße kleben.",1,german
그렇군요. 정말 중요한 일을 하시는군요.,1,korean
3) #الطبالة يمارسون #حرب_اللاعنف على المشروع الاصلاحي، فيحاربون جميع المصلحين بالقذف والتخوين مما يساهم جليا في خلق متطرفين راديكاليين,0,arabic
跟你交往,1,chinese
그런 열정을 가지신 분이라면 꼭 성공하실 거라고 믿습니다.,0,korean
그럼 오늘은 꽤 여유로운 하루였겠군요.,1,korean
summer just fully went to me: speaking of singstar ... hun ? we weren’t even talking,0,english
一个人物我们大家通力合作啥呀,1,chinese
Unter drei Stunden mit der Bahn. Nicht mal von Bochum nach Dortmund.,1,german
可是,0,chinese
Sogar die Schwächsten unserer Gesellschaft unterstützt er als Hauptinvestor beim HSV.,1,german
من قايل لجراح الهبيده انك حلو ؟ والله يا معطي نفسه وضعيه جستن بيبر بسنابه,1,arabic
"Mein Gott, Ton und Bild gleichzeitig. Das ist aber auch für Fortgeschrittene.",1,german
我偷什么了,1,chinese
مصر | #التحرير | فيديو.. ارتباك بشار الأسد من سؤال مذيع دنماركي: أنت سبب دمار سوريا لماذا لا ترحل؟! http #جبهة_شعب_مصر,0,arabic
user اصل داشت ويندوز 10,0,arabic
我丢人我丢人行了吧,1,chinese
Angeblich soll sogar die Mutter von Friedrich Merz eine Frau gewesen sein.,1,german
"아, 진짜 바쁜 하루였겠다.",1,korean
你都能中五百万,1,chinese
"Mikroplastik gelangt in uns, in dem wir atmen, in dem wir essen und in dem wir trinken.",0,german
这才让我真正的看到了,1,chinese
"아니야, 그들은 충분히 할 수 있어. 한 번에 두 앨범을 만들 수 있으니까!",1,korean
Me and my mum just went through our cupboards to find some food for a food bank collection only to discover half of our food is out of date,0,english
"아니요, 저희 집은 모기가 별로 없어서 괜찮습니다.",0,korean
Do you walk past people and automatically think you’re defo a tory?,0,english
My mental state is getting dangerously close to Ben Wyatt’s that time he spent weeks on a 3 second claymation movie,0,english
我看到美嘉最近老拿着张伟的照片,1,chinese
그럼!,0,korean
thinkin about that one summer at church camp where i would randomly do the cat daddy. who allowed that,0,english
人家亲手给你夹喽,0,chinese
Dem Wald geht's also schlecht 2025. Wer hat das kommen sehen?,1,german
怎么没听说过,1,chinese
'해를 품은 달'이 지금도 그렇게 인기가 있군요.,0,korean
"Die Schufa kennt man vielleicht als dieses Schreckensgespenst, bei dem man Einträge bekommt, wenn man zum Beispiel vergessen hat, seine Rechnung rechtzeitig zu bezahlen. Also so richtig beliebt hat sich die Schufa in der Vergangenheit nicht gemacht.",0,german
骂你禽兽都算客气的,1,chinese
刚才那像武大郎似的太君,1,chinese
"과연, 그리고 집이 침수된 곳도 많아서 정부의 지원이 필요한 상황이에요.",0,korean
就算这个孩子没有爸爸,0,chinese
Shout out James Boswell unibowl,1,english
我现在就盼着解放军赶紧来,0,chinese
@USER Only joking... keep it real. HR professionals have a life too...,1,english
"Und was macht Trump? Kurz nach seinem Liberation Day veranstaltet er ein Dinner in Ma-a-Lago, wo man für seine Gesellschaft teuer bezahlen muss. Keine Ahnung, wer so blöd ist.",1,german
"Es gibt eine ganze Reihe von Auskunftsteilen in Deutschland, zum Beispiel Griff, Boniversum oder Infoscore. Aber die bekannteste und größte dieser privaten Auskunftsfirmen ist die Schufa.",0,german
user ياخي ترا نفس سالفة ميسي مع ذا المنتخب ، وش ذنب المدرب إذا اللاعبين زلايب ؟؟؟,1,arabic
这你知道的,0,chinese
前来追赶兄长了,0,chinese
user اذا انت موافق تعرف حسابي على غوغل بلاسو لا تقول نعم و تبلبل فقط http,0,arabic
I just love when Twitter decides to reload the timeline seconds after you just opened it up and are in the middle of reading it.,1,english
am honestly so disturbed by the star signs changes?? like I’m a Scorpio not a libra?? am so so stressed,0,english
213灭门惨案的通缉犯,0,chinese
还是回来拖后腿的,1,chinese
"그래, 조미료 없으면 음식 못 먹겠지?",0,korean
"Was hier klingt wie ein futuristisches Szenario aus dem Jahr 2314 in einem anderen Sternensystem, bedeutet einfach, man muss seine Infos nicht doppelt und dreifach angeben, weil sie sowieso schon vorliegen.",1,german
그럼 우리는 모든 관객들에게 VIP 서비스를 제공할 수 있겠네요.,0,korean
user: يالهووووى ع الارهاب يا جدعان http,1,arabic
让他知道咱们家是有原则的,1,chinese
"Für die CO2-Emissionen, die entstehen, um ein einziges digitales Werbedisplay herzustellen, könnten sie 150 Mal von Hamburg nach München fliegen.",0,german
你太自私太无耻了,1,chinese
不是轻度扭伤吗,1,chinese
"Das Internet ist das Beste, was der Werbeindustrie passieren konnte.",0,german
그래요? 아마 비올 때도 집에서 나오지 않을 것 같은데요?,1,korean
صوت #فيروز وهدوء الليل سحر ..وصوتها و #قهوة ☕ الصباح متعه حبيتك تنسيت النوم - فيروز by#SoundCloudhttp,0,arabic
"친구 결혼식 준비, 이것만 하면 살기가 너무나도 쉬워지겠군요.",1,korean
considering crowd surfing the next time the hallways are too packed,1,english
Me: on a scale of one to ten how cute are the babies you see in clinic? Rob: that chunky baby the other day was a ten. The one I saw today was a three--so pale. To be fair she's in the hospital and very sick.,0,english
一眨眼硕士都快混完了,1,chinese
挂科比都没有用,1,chinese
الخازوق الإسبرطى,1,arabic
Ach so! Und ich dachte für die Meerschweinchen. Guck mal an!,1,german
"في عزاء ""الساحر"" #محمود_عبدالعزيز.. توافد عدد كبير من الفنانين على رأسهم ""الزعيم"" #عادل_إمامhttp http",0,arabic
"그러면 자연보호에 기여하는 거잖아요, 식품 낭비 줄이는 것도 중요하니까요.",1,korean
"Denn kaputte Brücken und Straßen sind nun mal Deutschlands größter Standortnachteil. Für eine funktionierende Bahn und mehr Sicherheit wären aber auch Zumutungen für uns Bürger in dieser Lage okay, wenn sie mal gerecht verteilt würden.",1,german
全靠的是,1,chinese
그럼 주방 대신 거실에 놓으면 어떨까요? 공간이 넉넉하니까요.,0,korean
这男的真是你男朋友,0,chinese
你到底在想什么呀,1,chinese
曾老师和一菲姐已经组成了老娘舅游说团,1,chinese
"우와, 그렇게 일을 많이 할 수 있는 기회가 있다니 부러워요.",1,korean
"Hamburg baut jetzt also eine neue Oper und Kühne wird der Stadt dafür 330 Millionen Euro geben. Mal sehen, ob er dafür von Hamburg dann zum Papst ernannt wird.",1,german
父母都不在了,0,chinese
لبنان #فلسطين #إيران #حزب_اللهالسؤال الواجب طرحه هو اي مرجعية اتخذت هذا القرار؟من يقرر مثل هذه المسائل الأمنية؟… http,0,arabic
user حسبي الله ونعم الوكيل فيك يا سيسي يا كلب عميل الصهاينه ربنا يخلص مصر من احتلال العسكري قريب ان شاء الله,1,arabic
"아, 제가 매운 것 정말 잘 먹어요. 입이 불타오르게 좋아하니까요.",1,korean
"Unpopular opinion: a cruise is my idea of hell. I don't care how expensive/ luxurious it is, it's a firm no.",0,english
출장 때문에 제주도를 못 가는 건 정말 불행한 일이네요.,1,korean
I haven’t used snap in so long and my short attention span/short term memory can’t keep track of what we’re talking about,0,english
"Also, der Body Mass Index wird berechnet, Körpergewicht durch Körpergröße zum Quadrat. Normalgewicht hat man laut WHO bei einem BMI zwischen 18,5 und 24,9.",0,german
"Why? Deutschlands Behörden, ist kein Witz, nutzen aktuell um die 10.000 verschiedene Softwarelösungen.",0,german
الفجوة تزداد بين الشعب وحكامه لا بد من استجابة حاسمة وواضحة لمطالب الثورة,0,arabic
如果你有什么不懂的题的话,0,chinese
对咱是赔了夫人又折兵啊,0,chinese
wish i was good at singing :( it’s actually a bit embarassing,0,english
user داعش جانت بنص العراق والحليم من الإشارة يفهم,0,arabic
user: #مصر في الأخبار :أغذية ملوثةأكل لحوم الحميرإعتقالات قسريةقتل بلا محاكمةحرب على الإسلامتحالف مع سفاحي #حلبطعن في ظهر #…,1,arabic
اذكر_افيهات_الثورة لقينا في خيم المعتصمين عند #الاتحادية #الإتحادية خمرة و مطهرات مهبلية,1,arabic
الجعفري قال لمندوبة #الولايات_المتحدة مامعناه إذا وقعتي #سبية بيد داعش أو النصرة #تسعيرتك / أربعين دولار /... http,1,arabic
"Lars Klingbeil, unser neuer Finanzminister, macht hoffentlich ernst beim Kampf gegen Steuerbetrug.",0,german
بين فسيفساء التكفير والتفكير مساحة ليست بالواسعة المنبسطة ولا هي ارض قحط وعرة #مصر #لبنان #تونس #الأردن #الإمارات #السعودية #العراق #فلسطين,0,arabic
should I continue reading Tokyo revengers or vanitas no carte,0,english
"Ja, kein Wunder, dass die uns nicht ernst nehmen. Europa kauft bei Putin immer noch, jeden Monat, für 1,8 Milliarden russisches Öl und Flüssiggas. Jeden Monat.",1,german
"Ich sag's ja immer, Urknall, Evolution, Lanz und Precht, die besten Dinge auf der Welt entstehen durch Zufall.",1,german
人家买的是身份是层次,1,chinese
ختاما هذا وقت غايتان ديبالا كرانيفيتير والبقية .. التجربة والانسجام ويلعبون مع بعضهم وابعاد الديناصورات على رأسهم ميسي ولا تكرار فضيحة ٢٠٠٢,1,arabic
"Die Werbebranche kennt anscheinend all meine Steckenpferde, denn Cookies speichern jedes Mal, wenn wir irgendeine Webseite oder App aufrufen, alle möglichen Informationen von uns.",0,german
你少给我拿支队长的派头啊,1,chinese
"Also, man kann natürlich auch heute schon zum Beispiel einen Antrag auf BAföG digital abschicken. Aber das heißt noch lange nicht, dass er auch digital bearbeitet wird.",1,german
"아니, 무려 8박스나 준다고? 너무나도 가난한 우리에게.",1,korean
그렇군요. BHC의 치킨은 정말 건조한 맛이 독특하죠.,1,korean
"Könnte es sein, dass in manchen Ausschüssen bestimmte interessierte Kreise so stark vertreten sind, dass sie sogar Normen diktieren?",1,german
"그래, 그게 진짜 생활에 필수품이잖아.",1,korean
그럼 아주 좋은 수면 요법인걸. 꿀잠 자겠네!,1,korean
this week is going so slow,0,english
要不是穿着这身名牌,1,chinese
那好啊竹内呼地一下过来,0,chinese
那结果你还真多想了,0,chinese
"Ja, dieser Staat, dieser Staat, der baut immer nur U-Bahnen und Kitas, aber Kühne fährt Gebrauchtwagen und hat keine Kinder. Es bringt ihm also nichts. Kühne will sein Geld ja nicht sinnlos verschwenden, sondern das unterstützen, was er persönlich gern mag.",1,german
"네, 속초는 정말로 조용하고 평화로운 휴식처입니다.",1,korean
جانب من حفل مدرسة القرآن الهندية ب #الرستاق بمناسبة #المولد_النبوي_الشريف تحت رعاية ناصر العبري عضو #مجلس_الشورى/3 http,0,arabic
It would be nice if my body would let me sleep...,1,english
"Ist nun mal so. Wir werden zunehmend auch im öffentlichen Raum auf Schritt und Tritt zu Werbezwecken verfolgt und getrackt, ob wir wollen oder nicht.",0,german
@USER will you be getting more stock of the older school trousers in? Been trying for weeks now to get age 15-16 with no luck.,0,english
그런데 가격이 좀 비싸. 뭐 이 정도면 감수해야지.,0,korean
그래서 당신이 겨울을 좋아하는 건가요?,0,korean
"Söder hat aktuell ein bisschen Zoff mit dem CDU-Mann Daniel Günther. Günther sagte, Söder solle nicht die ganze Zeit von Schwarz-Grün reden. Söder hat seriös und ohne persönlich zu werden geantwortet.",1,german
"아, 그러면 바다에서 물 놀이를 즐기실 수 있겠네요.",0,korean
全世界的男人初恋都叫沈佳宜,1,chinese
"맞아요. 저도 아침에 파르페를 먹고 싶어서 찾아본 적이 있었는데, 생각보다 어렵더라고요.",0,korean
why do david dobrik &amp; ben platt give off the same energy,0,english
规矩是你定的你得给人这台阶,0,chinese
ماذا_لو_المدارس_مختلطه أمنيات المنحرفين لن تتحقق ابداً ✋,0,arabic
"아뇨, 달리기는 너무 힘들어서 못하겠습니다.",0,korean
这总是个失误,0,chinese
"Ist jetzt vielleicht auf Anhieb nicht so schnell zu erkennen, es sind 83 Prozent Wirtschaft in einem Ausschuss. Und wenn ich das richtig überblicke, sind das deutlich mehr als 50 Prozent.",0,german
学校一个屁没放过,1,chinese
可是,0,chinese
Went through all the trouble of growing this bone helmet over my meat computer just for it to start hurting itself from the inside,0,english
"Was ich damit sagen will, vielleicht sollte man mal unterscheiden zwischen selbstbestimmter schöpferischer Arbeit und knochenharten Jobs im Niedriglohn.",0,german
"네, 제가 추천했으니까 꼭 가셔야겠어요.",1,korean
user @user @user @user نعم السعوديةمعلنة ان جبهة النصرة ارهابية و تحارب جبهة النصرة الارهابيةفرع القاعدةفي الشام,0,arabic
"Also sagen wir mal so, da wird sich der Markus noch ein wenig gedulden müssen, bevor er Gesellschaft auf dem Mars bekommt, ne?",1,german
我也是我有好多话也想跟你说,0,chinese
شحلاته الي لابس شماغ zerocarbq8 #mannequinchallenge http,1,arabic
还有这个伴郎,1,chinese
"정말 대단하시네요, 실제 투자 없이도 주식 전문가가 될 수 있다니.",1,korean
اليمين المتطرف في النمسا يعترف بهزيمته امام فان دير بيلينhttp,0,arabic
"Fakt ist, wir haben hier im internationalen Vergleich besonders viel Teilzeit. Das betrifft 11% der Männer und rund die Hälfte der Frauen. Weil die oft zu Hause Angehörige pflegen oder Kinder betreuen, mangels Kita-Plätzen.",0,german
user @user @user اصم تيا حمار والله لا تعرف حتى اين يقع طيزك ههههه اما فرنسا فخرجت مهزومة و الان هي من تتحكم فيكم يا عربان,1,arabic
الجيل الحالي مثقف ومتفتح ويحسن فهم الناس #السادة_المحترمون,0,arabic
في نفس المكان، عقدة الراموسة، الذي منه أجبرت آﻻف العائﻻت الحلبية على مغادرة منازلها في أحياء حلب الشرقية باتجاه... http,0,arabic
Und das ist in unseren Köpfen abgespeichert. Wir trauen Menschen mit viel Gewicht weniger zu.,0,german
지금은 좀 더 나아진 것 같아요. 하지만 여전히 쓸쓸하긴 해요.,0,korean
"우와, 그런 큰 변화가 일어나다니, 정말 놀랍네요.",1,korean
他这种人未来很容易见异思迁,0,chinese
"user لكنه هل سيرد على التحرك الحكومي في بريطانيا للتدخل في سلطات اتحاد كرة القدم من خلال تصريح الوزيرة كراوتش لـ ""BBC",0,arabic
你一个人打十多个,0,chinese
와~ 너 정말 주말 계획 척척이네. 애들한테는 진짜 좋은 아빠일 듯.,0,korean
그럼 혼자 있는 시간을 가지면서 좋은 책도 읽어보시는 것은 어떨까요?,0,korean
"그럼 카페인 섭취가 건강에 해롭다니, 앞으로 더 열심히 마셔야겠네요.",1,korean
Midwife means with woman be it a male or female midwife that's what we are there to do WomanCentredCare Thank you @USER and @USER for highlighting the work we do as midwives. Seeing a happy and healthy mum and baby knowing I made a difference allthethanksineed,0,english
"Na ja, also Elon Musk ist in erster Linie mal ein sehr reicher Typ. Je nach Stand der Aktienkurse seiner diversen Firmen ist er sogar der reichste Typ auf Erden.",0,german
"Na also, Bürokratie kann auch nützlich sein und viele der tausend Vorschriften merken wir gar nicht. Aber gäbe es sie nicht, dann wäre das schlecht für die Umwelt oder die Sicherheit und zwar für unsere.",0,german
能说说你是怎么判断出来的,0,chinese
When you order books from the bookstore a week in advance and then you wait three weeks for ONE book and when you finally email them about it they reply and say they cancelled your order,1,english
"아, 그래서 당신의 사진 촬영 실력이 전문가급인 거군요.",1,korean
"Lars Klingenbeil, der übrigens 2021 mal das sozialdemokratische Jahrzehnt ausgerufen hat, das ging ja ziemlich schnell rum, muss ich sagen.",1,german
그럼 너한테 보디빌딩과 포스트모던 수업이 딱이겠다.,1,korean
네 음식 선택에 대한 지식 정말 깊은걸요.,1,korean
"아니, 김치가 들어간 중탕 밥은 따로 또 맛있답니다.",0,korean
@USER She has kids with him? Whata mistake to make.,0,english
"Das ist das, was ich meine. In Ihrem aktuellen Zustand taugt unsere Truppe eher für so eine RTL2-Doku.",1,german
我刚把备用钥匙给了关谷悠悠和子乔,1,chinese
"그럼 배우분들이 연기를 더 잘하려면 어떻게 해야 할까요, 전문가님?",1,korean
"So, meine Damen und Herren, jetzt hat der Merz also beim Thema Russland-Sanktionen schon wieder was angekündigt, was dann gar nicht gekommen ist.",0,german
user تجربتي من الشراء من امازون البريطاني مقارنة بالامريكي اقل ب ٢٠ الى ٣٠٪لنفس السلع,0,arabic
user @user اما بخصوص جبهة النصره شاركت في سوريا بعد مشاركة حزب الله وايران ولواء ابو الفضل وهذي ردة فعل طبيعيه,0,arabic
"오늘은 비가 올 것 같아서 우산을 가져갔는데, 비가 오지 않아서 기분이 좋네요.",0,korean
"Eine Gruppe in diesem Lobbyverein ist besonders mächtig. Das ist die Arbeitsgemeinschaft Deutscher Waldbesitzerverbände, kurz AGDW.",0,german
"Nothing screams “I’m a glamorous cosmopolitan woman” like following your dog down the street in the midst of winter, saying “go potty! Go POTTY!” over and over again.",1,english
"아, 그렇군요. 그럼 이번에는 더욱 '탁월한' 연기를 보여줄 수 있겠네요.",1,korean
아기가 태어나기 전에 등록을 하면 더 좋지 않을까요?,1,korean
"""@USER: if u wear heels to school i have a few questions: 1. why"" ask some of the salcc girls",0,english
江夏,1,chinese
腿疼你抱我吧,0,chinese
if i saw a capybara in person id probably throw up,1,english
@USER I think it should be allowed for customer service workers to squirt water into their face like how they do sometimes to train pets,1,english
"Ach so, wenn man zu dick ist, wird man nicht verbeamtet. Risikofaktor, verstehe. Und was ist, wenn man mit dem Wingsuit vom Berg springt, auf dem Pferd landet und Zigarre rauchen zum nächsten Abnoid-Tauchgang reitet?",1,german
"Es gibt Städte, da darf Ströhr eigene WLAN-Hotspots über die Werbescreens anbieten. Das ist zum Beispiel in Bochum und Osnabrück der Fall.",0,german
I'm A VeGeTaRiAN BuT I eAt FiSh,1,english
"우와, 그걸로 아이스크림 한 개는 사겠네!",1,korean
"Einfach weiter grinsen und so tun, als wäre ein Mann taub! Genial gelöst!",1,german
先不说他被咱们问愣了几次,0,chinese
بذوب بضحتك الله يخليلنا إياها وما يحرمنا منها #نادين_نسيب_نجيم #في_بيتنا_ضيف #nnn #nadinenassibnjeim @user http,0,arabic
user: @user بس كنت بهزر مع جوجل,1,arabic
那就是五万了,1,chinese
ساعة أبل في الأسواق مرة أخرى http,0,arabic
爸你去干吗呀,0,chinese
"Hallo? Waffen verteidigen unsere Demokratie? So gesehen ist in Rüstung investieren sogar extrem nachhaltig. Nachhaltige Rüstungsaktien mit gutem Gewissen schweinereich werden. Gut, es sei denn, es kommt doch noch überraschend zu einem Frieden. Aber jetzt malen wir den Teufel mal nicht an die Wand.",1,german
it's all about women in stem struggles. what about women in interactive media struggles: i no longer win against my friends in smash because they major in goddamn video game.,1,english
我现在已经不是你们家的儿媳妇,0,chinese
As a kid I definitely thought I’d come into contact with quick sand way more than I have,0,english
"그렇군요, 그래서 그것들이 제일 맛있는 거죠.",0,korean
报国不忘致富嘛,0,chinese
im glad we finally have a party in opposition who are committed to taking the government to task for not making mistakes fast enough,1,english
Falling asleep at your laptop is always fun,1,english
"Leute, wann ist offene Korruption eigentlich olympisch geworden?",1,german
what a great day to be stuck inside,1,english
我呀我是来泡妞的,0,chinese
تزامن الزحوفات على #ميدي #البقع #تعز #صرواح من الساعة الأولى التي حددها #كيري لإيقاف الحرب دليل على أنها مكيدة #امريكية ولكن سلاحنا صاحي,0,arabic
"Erschreckend wenig zum ganzen Themenkomplex Klimawandel. Sehr wenig, aber gut, eilt ja auch nicht. Ich sag mal, im Bodensee sind ja fast noch drei Liter Wasser drin, wie man hört.",1,german
"Natürlich, ja. Wahrscheinlich kann man den sogar für Kindergeburtstage buchen, wenn man einen Trump Tower neben die Hüpfburg baut.",1,german
Ahhh I get to listen to a cement mixer all day. Awesome.,1,english
http ويندوز 10 عربي 32 بت iso برابط مباشر http,0,arabic
user @user @user تحكمون إذا كان الوطنيه هي في تأييد السيسي وشتم أردوغان وكلاهما حليف فتلك قسمة ضيزى,1,arabic
"Manche denken immer noch, der Trump wird wohl nicht seine eigene Wirtschaft versenken. So doof kann er nicht sein. Doch, kann er.",1,german
子乔精神恢复得不错嘛,1,chinese
要不要趁热尝一尝,1,chinese
너무 더워서 옆에 앉아있기가 힘들었어.,0,korean
عندما تجتمع ثرثارة المستقبل مع سخيفة النهار! الله يرحمك يا #جبران_تويني http,1,arabic
"Es scheint für große Teile der Welt ein Affront zu sein, wenn Menschen irgendwo angefangen haben, dicker zu sein als andere.",0,german
Dann wäre sie bei 50 Kilogramm und das wäre bei ihrer Größe Untergewicht. Sehr kompetente Beratung.,1,german
그래도 그 힘든 시간이 좋은 추억이 되셨겠군요.,1,korean
user: الكاسير: ميسي لاعب رائع جدا ، وقد فاجئني كشخص انه مثال للتواضع,0,arabic
可能吧我只是帮他打个酱油的,0,chinese
i'm gonna be real i voted weeks ago and i'm lowkey sad i don't get a sticker,0,english
그럼 바느질은 처음부터 배우시는 거군요. 정말 빠르게 배우실 것 같네요.,1,korean
أحمد حلمي: أنا شايف أنه شرف عظيم لأي راجل أنه يتكرم بجايزة تحمل أسم ست ❤#مهرجان_القاهرة_السينمائي,0,arabic
"Ok, so @USER and I decided to record on the evening of the 6th, just as absolutely nothing newsworthy was happening! Perfect timing as always, to go over some of the best ITSBUPs of 2020 - and how we're settling into 2021! Listen: HTTPURL HTTPURL",1,english
그래도 한 치수 크게 사서 잘 맞는다니 다행이네요.,0,korean
그럼 아마도 집안 곳곳이 독특한 예술작품으로 가득 차 있겠군요.,1,korean
"now I’m no mathematician, but pretty sure it doesn’t take 7 cops to arrest 1 person",0,english
"Ich sag mal so, wenn der Wehrdienst das beste Jahr deines bisherigen Lebens war, dann war dein bisheriges Leben relativ scheiße.",1,german
i wish i could tap in to the government bank account,1,english
我能做的我一定去做,0,chinese
被门夹过的核桃,1,chinese
不愧是关中大侠,1,chinese
اليمنية| #بسمة وطن يفوز على #النسور بسداسية بدوري “نفدي ترابك يا #تعز”http,0,arabic
i can’t wait until the weather cools down so i can read under a tree at a park and look like a mysterious intellectual,0,english
انتهيت من أداء العمرة فإنه منظر عظيم أن تجد الملايين يستغيث ون بالله تعالى يا رب انصرنا و احفظ بلادنا و افتح,0,arabic
"와, 학교 식당에서 그렇게 고급 햄버거를 팔고 있구나.",1,korean
user: رافقت النائب فلاح الصواغ ومجموعة من النواب إلى حلبووجدت في أبو سعود وبقية الأخوة صدق المشاعر وعظم الشعور بالمسؤولية لنص…,0,arabic
"Genau, das haben Kreditgeber in der Regel nicht, denn das sind zum Beispiel Banker, kommt im weitesten Sinne auch aus dem Lateinischen und hat was mit zurückgegelten Haaren und protzigen Glastürmen zu tun.",1,german
Blatantly obvious that Lionel Messi is now set for a move to Leeds. The Newell’s old boys network.,1,english
كله يا سيسي,1,arabic
디저트와 음료로 건강을 챙기시는 거 좋은 생각이네요.,1,korean
user سيقدم دليل ان هيلاري كلنتون طرحت فكرة تصفية الرجل بسبب التسريبات التي يقوم بها,0,arabic
الناتو ضرب العراق وليبيا بالاف الطائرات وذبحوا صدام والقذافي بمنتهي الاهانه من اجل الحريه والديمقراطيه للعرب منتهي الغباء,1,arabic
"Wenn deutsche Behörden seltener zur Verfügung stehen als die Eismaschine bei McDonalds, dann sollte man sich vielleicht langsam anfangen, Sorgen zu machen. Denn die sind ja jetzt schon überlastet. Und dann gehen noch 40% der Verwaltungsangestellten in Rente. Was passiert denn dann?",1,german
그럼요. 그리고 열대과일도 맛있더라고요.,0,korean
放心摔不着,0,chinese
그럼 앞으로는 사랑해요라고 외치며 당신에게 달려가겠습니다.,0,korean
救你的人是用能够给唐莹定罪的那张房卡,0,chinese
"So, die Unionsbasis ist derweil immer noch irgendwie sauer auf Friedrich Merz. Auch weil er sich angeblich zu sehr von der SPD über den Tisch hat ziehen lassen.",1,german
"와, 너무 기대되네요. 이렇게 불확실한 상황에서도.",1,korean
"오, 잘 됐네. 병원비랑 치료비 아끼려면 그 방법이 최고야.",1,korean
"Ja, der Investitionsbooster. Okay, ich persönlich hätte es nicht Booster genannt, weil dann direkt wieder die Impfgegner durchdrehen. Ja.",1,german
对不起我不知道你会抽烟,0,chinese
他自个怯敌不说,0,chinese
Just nearly cried in the tesco express because they didn’t have the cheese pizza or the back up pizza I wanted. My mental stability is strong today.,1,english
去夜总会干嘛呀,0,chinese
"아, 제가 바로 조미 빵을 참 좋아하는군요.",1,korean
"Leider kann man aber diese Normen nicht einfach ignorieren, obwohl es keine Gesetze sind. Der Grund ist nämlich, Gerichte nehmen Normen immer wieder als Grundlage für Entscheidungen. Und damit werden sie verbindlich, auch wenn sie eigentlich nur Empfehlungen sind.",0,german
I've been doing physics for 40 minutes I think I deserve a break I'm never going to get it all done at this rate,1,english
user: اكبر سبب لظهور الإرهاب هو قمع الشعوب الأسد و حلفاء الأسد مثل السيسي أنظمة الاستبداد تصنع الإرهاب لقمع الناس لقمع الستات…,1,arabic
两头都不着面,1,chinese
Das hat nicht geklappt. Ist aber auch schon zwei Monate her. Also nach Söder-Zeitrechnung sieben Meinungswechsel.,1,german
user: #أطفال _سورياطفولة☹تستنجد إنسانيةعالم تواطئعلى دمائهماغتال أحلامهمواغتال أرواحهمدون أنيرف لهم جفنأو يرق لهم قلب#س…,1,arabic
"Ja, wenn jemand durch die Geschichte der NS-Zeit wirklich Qualen erlitten hat, dann die armen Deutschen, die sich ständig erinnern müssen.",1,german
user @user هذه نتائج ربع تحرير الجزائر من فرنساوخذلان جبة الانقاذ عندما فازت بالانتخاباتأتذكرون؟حدث لهم كما حدث في مصر,0,arabic
得驴没来他来了,1,chinese
嘿我说你这小子,0,chinese
إهداء إلى أمى الغاليه,0,arabic
أيها الملحد، لو نمت وحلمت بأن الإسلام سينتهي فعليك أن تصحو من نومك وتعتذر. http #زواج_مسلمه_بملحد,1,arabic
Love how Kingston just ripped the buckle pad off AEWAllOut,0,english
"Well done @USER and @USER, great leadership! HTTPURL",0,english
"الجزيرة: ""يوم الغفران"".. عيد يهودي يشل إسرائيل: يعد ""يوم الغفران"" أحد أهم الأعياد الدينية اليهودية، وهو اليوم... http",0,arabic
"fuck off calling your book ""eleanor oliphant is completely fine"" twee curly license-free font horseshit. radio 4 book club dick ass. call your book ""Pussy Popping At The Homicide Casino"" or i am not reading it",0,english
你的相亲活动也和谐了,1,chinese
سايب صاحبك يهزر معاك و يشتمك بامك ؟ معلش اصلها فكرت نفسها جابت راجل طلع #سيكو_سيكو,1,arabic
"Haben Sie das auch gehört? Hat Herr Klingbeil gerade gesagt, deutsche Stärken sind moderne Bildung, bezahlbares Wohnen und digitale Infrastruktur? Er war aber schon in Deutschland, oder? Ja.",1,german
学那些乱七八糟的有啥用啊,1,chinese
I refuse to work under someone for the rest of my life. I WILL have my own business and be my OWN boss. Speaking it into existence,0,english
그러니까 그런 부적절한 언어들이 영화를 훨씬 더 재미있게 만드는 거죠.,0,korean
"So I have an exam tomorrow, but likeee if the country is about to turn into a war zone does it really matter??",1,english
my grandma is watching the great gatsby and she said that commercials are becoming so stupid but it was a scene from the movie.,0,english
someone get on a plane with me and lets just tour someplace for like 4 days please,0,english
user #احمد_شفيق اضعف من ان يواجه #السيسي ﻷنه عجز عن الدفاع عن نفسه أصﻻو لكن ﻻ مانع من استبداله بالسيسي فلن يصعب سحقه هو ايضا,1,arabic
个人英雄主义思想这么严重呢,1,chinese
finding vegetarian chocolate mousse is such an annoyingly hard task to do,0,english
